ts,close
1701914400,5.276000022888184
1701918000,5.274899959564209
1701921600,5.275100231170654
1701925200,5.27370023727417
1701932400,5.262400150299072
1701936000,5.2621002197265625
1701946800,5.274799823760986
1701950400,5.261000156402588
1701954000,5.268799781799316
1701957600,5.28980016708374
1701961200,5.291500091552734
1701964800,5.29010009765625
1701968400,5.3028998374938965
1701972000,5.301199913024902
1701975600,5.301199913024902
1701979200,5.29610013961792
1701982800,5.3018999099731445
1701986400,5.296000003814697
1701990000,5.299499988555908
1702000800,5.291200160980225
1702004400,5.299900054931641
1702008000,5.297599792480469
1702015200,5.290299892425537
1702018800,5.27209997177124
1702026000,5.270999908447266
1702029600,5.276700019836426
1702033200,5.295000076293945
1702036800,5.28879976272583
1702040400,5.288400173187256
1702044000,5.281199932098389
1702047600,5.293799877166748
1702051200,5.2993998527526855
1702054800,5.294600009918213
1702058400,5.298799991607666
1702062000,5.30019998550415
1702065600,5.307700157165527
1702069200,5.307400226593018
1702072800,5.301499843597412
1702256400,5.30649995803833
1702260000,5.302999973297119
1702263600,5.303199768066406
1702267200,5.301400184631348
1702270800,5.3018999099731445
1702278000,5.281199932098389
1702292400,5.305300235748291
1702296000,5.317500114440918
1702299600,5.331200122833252
1702303200,5.323699951171875
1702306800,5.311699867248535
1702310400,5.307000160217285
1702314000,5.311800003051758
1702317600,5.308300018310547
1702321200,5.308300018310547
1702324800,5.315899848937988
1702328400,5.3155999183654785
1702332000,5.309500217437744
1702335600,5.315800189971924
1702346400,5.3180999755859375
1702350000,5.317599773406982
1702353600,5.3155999183654785
1702357200,5.316400051116943
1702360800,5.315700054168701
1702364400,5.316199779510498
1702368000,5.302499771118164
1702378800,5.3256001472473145
1702382400,5.331200122833252
1702386000,5.326600074768066
1702389600,5.339700222015381
1702393200,5.344900131225586
1702396800,5.353600025177002
1702400400,5.361000061035156
1702404000,5.359300136566162
1702407600,5.355999946594238
1702411200,5.359600067138672
1702414800,5.360599994659424
1702418400,5.358099937438965
1702422000,5.3592000007629395
1702425600,5.355899810791016
1702429200,5.357399940490723
1702432800,5.354800224304199
1702436400,5.353700160980225
1702450800,5.3343000411987305
1702465200,5.354700088500977
1702468800,5.34499979019165
1702472400,5.357900142669678
1702476000,5.343500137329102
1702479600,5.347899913787842
1702483200,5.365900039672852
1702486800,5.357699871063232
1702490400,5.3632001876831055
1702494000,5.357600212097168
1702497600,5.352200031280518
1702501200,5.348400115966797
1702515600,5.359000205993652
1702519200,5.359899997711182
1702522800,5.363900184631348
1702526400,5.361299991607666
1702530000,5.35890007019043
1702551600,5.371399879455566
1702555200,5.3302998542785645
1702558800,5.360599994659424
1702562400,5.360000133514404
1702566000,5.3755998611450195
1702569600,5.388999938964844
1702573200,5.386099815368652
1702576800,5.390999794006348
1702580400,5.398200035095215
1702584000,5.395299911499023
1702587600,5.404099941253662
1702591200,5.405300140380859
1702594800,5.394100189208984
1702598400,5.388700008392334
1702605600,5.406599998474121
1702609200,5.407599925994873
1702612800,5.40749979019165
1702616400,5.3917999267578125
1702620000,5.389599800109863
1702623600,5.390600204467773
1702638000,5.381400108337402
1702641600,5.404099941253662
1702645200,5.396500110626221
1702648800,5.384699821472168
1702652400,5.391200065612793
1702656000,5.383699893951416
1702659600,5.38730001449585
1702663200,5.384300231933594
1702666800,5.381700038909912
1702670400,5.386899948120117
1702674000,5.382199764251709
1702677600,5.382699966430664
1702864800,5.3871002197265625
1702868400,5.387599945068359
1702872000,5.3902997970581055
1702875600,5.391900062561035
1702897200,5.392000198364258
1702900800,5.394000053405762
1702904400,5.387700080871582
1702908000,5.395599842071533
1702911600,5.386099815368652
1702915200,5.39139986038208
1702918800,5.388599872589111
1702922400,5.35290002822876
1702926000,5.351799964904785
1702929600,5.353099822998047
1702933200,5.348499774932861
1702936800,5.347599983215332
1702940400,5.353700160980225
1702947600,5.345600128173828
1702951200,5.345300197601318
1702958400,5.347499847412109
1702962000,5.348899841308594
1702969200,5.331099987030029
1702983600,5.361700057983398
1702987200,5.332099914550781
1702990800,5.333600044250488
1702994400,5.343100070953369
1702998000,5.33620023727417
1703001600,5.338699817657471
1703005200,5.332499980926514
1703008800,5.337600231170654
1703012400,5.337600231170654
1703016000,5.340199947357178
1703019600,5.345799922943115
1703023200,5.3454999923706055
1703026800,5.339600086212158
1703030400,5.341300010681152
1703034000,5.340400218963623
1703037600,5.3404998779296875
1703044800,5.339399814605713
1703048400,5.337100028991699
1703066400,5.328100204467773
1703070000,5.319799900054932
1703073600,5.323800086975098
1703077200,5.33459997177124
1703080800,5.347300052642822
1703084400,5.351900100708008
1703088000,5.358699798583984
1703091600,5.357800006866455
1703095200,5.36870002746582
1703098800,5.375199794769287
1703102400,5.371399879455566
1703106000,5.38129997253418
1703109600,5.380099773406982
1703116800,5.382900238037109
1703120400,5.382900238037109
1703127600,5.382500171661377
1703131200,5.382199764251709
1703156400,5.3678998947143555
1703160000,5.363699913024902
1703163600,5.362599849700928
1703167200,5.359099864959717
1703170800,5.3566999435424805
1703174400,5.353799819946289
1703178000,5.368299961090088
1703181600,5.367300033569336
1703185200,5.373600006103516
1703188800,5.37060022354126
1703192400,5.378799915313721
1703196000,5.377900123596191
1703199600,5.378200054168701
1703214000,5.371399879455566
1703221200,5.372300148010254
1703235600,5.350500106811523
1703242800,5.3867998123168945
1703246400,5.364500045776367
1703250000,5.368199825286865
1703253600,5.370200157165527
1703257200,5.350200176239014
1703260800,5.3480000495910645
1703264400,5.3429999351501465
1703268000,5.341599941253662
1703271600,5.354300022125244
1703275200,5.352399826049805
1703278800,5.350500106811523
1703282400,5.350900173187256
1703527200,5.343599796295166
1703541600,5.345300197601318
1703545200,5.346399784088135
1703581200,5.34250020980835
1703584800,5.345300197601318
1703588400,5.342800140380859
1703592000,5.344799995422363
1703595600,5.33489990234375
1703599200,5.33489990234375
1703602800,5.322700023651123
1703606400,5.329400062561035
1703610000,5.321499824523926
1703613600,5.324699878692627
1703617200,5.3256001472473145
1703620800,5.321499824523926
1703624400,5.3144001960754395
1703628000,5.325500011444092
1703631600,5.326700210571289
1703635200,5.312300205230713
1703638800,5.321300029754639
1703646000,5.310200214385986
1703649600,5.314499855041504
1703660400,5.295400142669678
1703671200,5.301199913024902
1703674800,5.332200050354004
1703678400,5.341899871826172
1703682000,5.348400115966797
1703685600,5.355899810791016
1703689200,5.357999801635742
1703692800,5.373600006103516
1703696400,5.357900142669678
1703700000,5.369200229644775
1703703600,5.366099834442139
1703707200,5.366499900817871
1703710800,5.3607001304626465
1703714400,5.363999843597412
1703718000,5.362299919128418
1703743200,5.362800121307373
1703746800,5.3709001541137695
1703761200,5.364500045776367
1703764800,5.3755998611450195
1703768400,5.377099990844727
1703772000,5.373000144958496
1703775600,5.370100021362305
1703779200,5.361800193786621
1703782800,5.379199981689453
1703786400,5.364099979400635
1703790000,5.363500118255615
1703793600,5.371500015258789
1703797200,5.365200042724609
1703800800,5.365499973297119
1703804400,5.368299961090088
1703811600,5.375899791717529
1703815200,5.374000072479248
1703822400,5.368100166320801
1703826000,5.365600109100342
1703833200,5.359600067138672
1703847600,5.366799831390381
1703851200,5.365900039672852
1703854800,5.361199855804443
1703862000,5.361800193786621
1703865600,5.36460018157959
1703869200,5.366399765014648
1703876400,5.3572998046875
1703883600,5.353899955749512
1703887200,5.355999946594238
1704132000,5.357100009918213
1704146400,5.359000205993652
1704150000,5.355800151824951
1704168000,5.347400188446045
1704178800,5.338699817657471
1704193200,5.322999954223633
1704196800,5.343999862670898
1704200400,5.36359977722168
1704204000,5.352700233459473
1704207600,5.368800163269043
1704211200,5.365699768066406
1704214800,5.369200229644775
1704218400,5.382800102233887
1704222000,5.379799842834473
1704225600,5.379799842834473
1704229200,5.386600017547607
1704232800,5.386899948120117
1704236400,5.3871002197265625
1704240000,5.390999794006348
1704243600,5.392300128936768
1704247200,5.392099857330322
1704250800,5.395299911499023
1704254400,5.395599842071533
1704265200,5.382999897003174
1704268800,5.381899833679199
1704279600,5.370200157165527
1704283200,5.381800174713135
1704286800,5.376699924468994
1704290400,5.371099948883057
1704294000,5.361199855804443
1704297600,5.36899995803833
1704301200,5.365799903869629
1704304800,5.361999988555908
1704308400,5.363800048828125
1704312000,5.370100021362305
1704315600,5.375100135803223
1704319200,5.369900226593018
1704322800,5.371600151062012
1704330000,5.373799800872803
1704340800,5.378200054168701
1704351600,5.36959981918335
1704366000,5.3831000328063965
1704369600,5.380000114440918
1704373200,5.385300159454346
1704376800,5.3902997970581055
1704380400,5.383500099182129
1704384000,5.38040018081665
1704387600,5.381100177764893
1704391200,5.373000144958496
1704394800,5.371500015258789
1704398400,5.362800121307373
1704402000,5.358399868011475
1704405600,5.359399795532227
1704420000,5.361700057983398
1704459600,5.341899871826172
1704463200,5.345200061798096
1704466800,5.347099781036377
1704470400,5.340700149536133
1704474000,5.338600158691406
1704477600,5.3292999267578125
1704481200,5.331399917602539
1704484800,5.332600116729736
1704488400,5.332200050354004
1704492000,5.333499908447266
1704690000,5.330999851226807
1704718800,5.3582000732421875
1704722400,5.3429999351501465
1704726000,5.3480000495910645
1704729600,5.350100040435791
1704733200,5.346399784088135
1704736800,5.34060001373291
1704740400,5.336599826812744
1704744000,5.339600086212158
1704747600,5.332499980926514
1704769200,5.338099956512451
1704772800,5.337200164794922
1704776400,5.332300186157227
1704805200,5.3541998863220215
1704808800,5.348800182342529
1704812400,5.354000091552734
1704816000,5.3531999588012695
1704819600,5.355299949645996
1704823200,5.350299835205078
1704826800,5.359600067138672
1704830400,5.361800193786621
1704834000,5.362100124359131
1704837600,5.359499931335449
1704844800,5.362400054931641
1704852000,5.361299991607666
1704859200,5.360899925231934
1704862800,5.360400199890137
1704888000,5.348299980163574
1704891600,5.344399929046631
1704895200,5.353700160980225
1704898800,5.363399982452393
1704902400,5.363900184631348
1704906000,5.363800048828125
1704909600,5.366799831390381
1704913200,5.365600109100342
1704916800,5.3649001121521
1704920400,5.365900039672852
1704924000,5.366099834442139
1704927600,5.367300033569336
1704934800,5.369699954986572
1704938400,5.369200229644775
1704945600,5.36899995803833
1704949200,5.36959981918335
1704970800,5.372200012207031
1704974400,5.363800048828125
1704978000,5.342400074005127
1704981600,5.338600158691406
1704985200,5.338200092315674
1704988800,5.341800212860107
1704992400,5.353400230407715
1704996000,5.35290002822876
1704999600,5.353400230407715
1705003200,5.341899871826172
1705006800,5.344099998474121
1705010400,5.344099998474121
1705024800,5.34660005569458
1705028400,5.346099853515625
1705032000,5.343900203704834
1705042800,5.341400146484375
1705060800,5.328999996185303
1705064400,5.310999870300293
1705068000,5.313000202178955
1705071600,5.31279993057251
1705075200,5.315299987792969
1705082400,5.325200080871582
1705086000,5.326900005340576
1705089600,5.315299987792969
1705093200,5.315499782562256
1705276800,5.316500186920166
1705280400,5.318399906158447
1705284000,5.32420015335083
1705287600,5.324100017547607
1705291200,5.323500156402588
1705294800,5.323999881744385
1705327200,5.333600044250488
1705330800,5.340400218963623
1705334400,5.333899974822998
1705338000,5.328100204467773
1705341600,5.323699951171875
1705345200,5.327600002288818
1705348800,5.327700138092041
1705352400,5.324900150299072
1705374000,5.309299945831299
1705377600,5.309000015258789
1705381200,5.307700157165527
1705402800,5.2957000732421875
1705406400,5.3242998123168945
1705410000,5.328199863433838
1705413600,5.335100173950195
1705417200,5.350599765777588
1705420800,5.348400115966797
1705424400,5.349800109863281
1705428000,5.35830020904541
1705431600,5.354000091552734
1705435200,5.3557000160217285
1705438800,5.356400012969971
1705442400,5.357500076293945
1705449600,5.356800079345703
1705456800,5.356299877166748
1705460400,5.353300094604492
1705489200,5.363399982452393
1705492800,5.361100196838379
1705496400,5.369500160217285
1705500000,5.360499858856201
1705503600,5.355400085449219
1705507200,5.350200176239014
1705510800,5.357699871063232
1705514400,5.361400127410889
1705518000,5.360400199890137
1705521600,5.366600036621094
1705525200,5.3709001541137695
1705532400,5.372300148010254
1705536000,5.372799873352051
1705546800,5.377399921417236
1705550400,5.376299858093262
1705575600,5.372399806976318
1705579200,5.354499816894531
1705582800,5.3597002029418945
1705586400,5.369200229644775
1705590000,5.366300106048584
1705593600,5.370500087738037
1705597200,5.36329984664917
1705600800,5.356100082397461
1705604400,5.3557000160217285
1705608000,5.356900215148926
1705611600,5.357999801635742
1705615200,5.358500003814697
1705618800,5.359399795532227
1705633200,5.364699840545654
1705636800,5.364200115203857
1705662000,5.368199825286865
1705665600,5.347400188446045
1705669200,5.351099967956543
1705672800,5.361299991607666
1705676400,5.36299991607666
1705680000,5.364699840545654
1705683600,5.360499858856201
1705687200,5.365200042724609
1705690800,5.364999771118164
1705694400,5.371399879455566
1705698000,5.3730998039245605
1705888800,5.377600193023682
1705892400,5.375400066375732
1705932000,5.388000011444092
1705935600,5.40939998626709
1705939200,5.430200099945068
1705942800,5.428800106048584
1705946400,5.428599834442139
1705950000,5.42710018157959
1705953600,5.425899982452393
1705957200,5.429800033569336
1705964400,5.427299976348877
1705968000,5.429299831390381
1705971600,5.432300090789795
1705975200,5.432199954986572
1705978800,5.434700012207031
1705982400,5.435299873352051
1706007600,5.417799949645996
1706011200,5.396299839019775
1706014800,5.399199962615967
1706018400,5.405200004577637
1706022000,5.394199848175049
1706025600,5.384799957275391
1706029200,5.379799842834473
1706032800,5.365699768066406
1706036400,5.372399806976318
1706040000,5.370299816131592
1706043600,5.375999927520752
1706050800,5.378300189971924
1706065200,5.378799915313721
1706068800,5.38100004196167
1706094000,5.395400047302246
1706097600,5.35260009765625
1706101200,5.3653998374938965
1706104800,5.366300106048584
1706108400,5.366499900817871
1706112000,5.3618998527526855
1706115600,5.361199855804443
1706119200,5.368500232696533
1706122800,5.36899995803833
1706126400,5.366600036621094
1706130000,5.369200229644775
1706133600,5.36929988861084
1706148000,5.365799903869629
1706151600,5.366600036621094
1706155200,5.367099761962891
1706180400,5.3709001541137695
1706184000,5.368899822235107
1706187600,5.351799964904785
1706191200,5.337200164794922
1706194800,5.327400207519531
1706198400,5.339399814605713
1706202000,5.336599826812744
1706205600,5.330599784851074
1706209200,5.3343000411987305
1706212800,5.328400135040283
1706216400,5.335599899291992
1706220000,5.335599899291992
1706223600,5.336100101470947
1706234400,5.334700107574463
1706238000,5.336100101470947
1706241600,5.333499908447266
1706270400,5.34119987487793
1706274000,5.333499908447266
1706277600,5.343500137329102
1706281200,5.341300010681152
1706284800,5.339399814605713
1706288400,5.333799839019775
1706292000,5.332600116729736
1706295600,5.330599784851074
1706299200,5.329999923706055
1706302800,5.335999965667725
1706306400,5.335700035095215
1706486400,5.331200122833252
1706490000,5.332399845123291
1706497200,5.331399917602539
1706500800,5.331500053405762
1706504400,5.330399990081787
1706536800,5.322700023651123
1706540400,5.341700077056885
1706544000,5.341700077056885
1706547600,5.346199989318848
1706551200,5.345799922943115
1706565600,5.363800048828125
1706569200,5.3649001121521
1706583600,5.363500118255615
1706587200,5.361800193786621
1706623200,5.380000114440918
1706626800,5.3850998878479
1706630400,5.381199836730957
1706634000,5.377500057220459
1706637600,5.360099792480469
1706641200,5.364099979400635
1706644800,5.367300033569336
1706648400,5.370800018310547
1706652000,5.36929988861084
1706655600,5.36929988861084
1706670000,5.3566999435424805
1706673600,5.358399868011475
1706677200,5.357100009918213
1706702400,5.3649001121521
1706706000,5.377799987792969
1706709600,5.38539981842041
1706713200,5.365699768066406
1706716800,5.360199928283691
1706720400,5.350100040435791
1706724000,5.3557000160217285
1706727600,5.351399898529053
1706731200,5.352700233459473
1706734800,5.3582000732421875
1706745600,5.3541998863220215
1706749200,5.353700160980225
1706752800,5.359399795532227
1706760000,5.353099822998047
1706763600,5.352499961853027
1706788800,5.36299991607666
1706792400,5.337600231170654
1706796000,5.337500095367432
1706799600,5.3225998878479
1706803200,5.344200134277344
1706806800,5.341899871826172
1706810400,5.343999862670898
1706814000,5.343699932098389
1706817600,5.339200019836426
1706821200,5.34499979019165
1706824800,5.345200061798096
1706846400,5.345600128173828
1706871600,5.343999862670898
1706875200,5.34689998626709
1706878800,5.357900142669678
1706882400,5.3471999168396
1706886000,5.368199825286865
1706889600,5.360099792480469
1706893200,5.36299991607666
1706896800,5.3572001457214355
1706900400,5.360000133514404
1706904000,5.364299774169922
1706907600,5.361199855804443
1707105600,5.356100082397461
1707109200,5.3572998046875
1707112800,5.357999801635742
1707130800,5.341700077056885
1707134400,5.356299877166748
1707138000,5.3684000968933105
1707141600,5.3668999671936035
1707145200,5.3734002113342285
1707148800,5.3684000968933105
1707152400,5.357600212097168
1707156000,5.357999801635742
1707159600,5.3531999588012695
1707163200,5.3506999015808105
1707166800,5.355000019073486
1707192000,5.358500003814697
1707195600,5.3592000007629395
1707228000,5.331299781799316
1707231600,5.3246002197265625
1707235200,5.324699878692627
1707238800,5.331399917602539
1707242400,5.330900192260742
1707246000,5.333099842071533
1707249600,5.334400177001953
1707253200,5.338500022888184
1707271200,5.342700004577637
1707282000,5.34089994430542
1707303600,5.343200206756592
1707307200,5.341599941253662
1707310800,5.348700046539307
1707314400,5.339200019836426
1707318000,5.339399814605713
1707321600,5.344299793243408
1707325200,5.346700191497803
1707328800,5.349699974060059
1707332400,5.351200103759766
1707336000,5.352799892425537
1707339600,5.353400230407715
1707343200,5.3520002365112305
1707357600,5.357100009918213
1707361200,5.357500076293945
1707364800,5.355999946594238
1707368400,5.355299949645996
1707390000,5.345200061798096
1707393600,5.356599807739258
1707397200,5.348999977111816
1707400800,5.36269998550415
1707404400,5.369900226593018
1707408000,5.378600120544434
1707411600,5.383800029754639
1707415200,5.378799915313721
1707418800,5.380000114440918
1707422400,5.383999824523926
1707426000,5.380799770355225
1707433200,5.379700183868408
1707436800,5.377799987792969
1707451200,5.377299785614014
1707454800,5.377200126647949
1707476400,5.375
1707480000,5.366199970245361
1707483600,5.361800193786621
1707487200,5.3592000007629395
1707490800,5.357600212097168
1707494400,5.355599880218506
1707498000,5.343299865722656
1707501600,5.3394999504089355
1707505200,5.345300197601318
1707512400,5.34119987487793
1707516000,5.340000152587891
1707710400,5.345099925994873
1707735600,5.334799766540527
1707739200,5.332799911499023
1707746400,5.335899829864502
1707750000,5.333799839019775
1707753600,5.336699962615967
1707757200,5.339700222015381
1707764400,5.337800025939941
1707768000,5.337200164794922
1707771600,5.335899829864502
1707775200,5.336400032043457
1707778800,5.335999965667725
1707786000,5.33489990234375
1707789600,5.332200050354004
1707793200,5.331299781799316
1707796800,5.331900119781494
1707800400,5.333399772644043
1707822000,5.338399887084961
1707825600,5.342400074005127
1707832800,5.310100078582764
1707836400,5.309500217437744
1707840000,5.309599876403809
1707843600,5.307199954986572
1707847200,5.304500102996826
1707850800,5.3028998374938965
1707854400,5.305200099945068
1707858000,5.304999828338623
1707861600,5.3053998947143555
1707872400,5.3053998947143555
1707879600,5.30649995803833
1707883200,5.305500030517578
1707908400,5.304599761962891
1707912000,5.302999973297119
1707915600,5.306099891662598
1707919200,5.308000087738037
1707922800,5.309700012207031
1707926400,5.328199863433838
1707930000,5.335299968719482
1707933600,5.3308000564575195
1707937200,5.333499908447266
1707940800,5.335700035095215
1707944400,5.329899787902832
1707948000,5.3308000564575195
1707966000,5.331399917602539
1707969600,5.329500198364258
1707994800,5.334499835968018
1707998400,5.332399845123291
1708002000,5.343999862670898
1708005600,5.352499961853027
1708009200,5.3572998046875
1708012800,5.35129976272583
1708016400,5.353700160980225
1708020000,5.349299907684326
1708023600,5.349999904632568
1708027200,5.356900215148926
1708030800,5.357399940490723
1708034400,5.35699987411499
1708045200,5.353499889373779
1708048800,5.352499961853027
1708052400,5.351099967956543
1708056000,5.350500106811523
1708081200,5.355899810791016
1708084800,5.352399826049805
1708088400,5.352499961853027
1708092000,5.351500034332275
1708095600,5.347799777984619
1708099200,5.351099967956543
1708102800,5.356400012969971
1708106400,5.359499931335449
1708110000,5.352200031280518
1708113600,5.35129976272583
1708117200,5.352099895477295
1708304400,5.356100082397461
1708311600,5.353600025177002
1708315200,5.354000091552734
1708340400,5.353400230407715
1708344000,5.341000080108643
1708347600,5.337699890136719
1708351200,5.3394999504089355
1708354800,5.341000080108643
1708358400,5.342899799346924
1708362000,5.344299793243408
1708365600,5.347799777984619
1708369200,5.347700119018555
1708372800,5.346700191497803
1708376400,5.343500137329102
1708398000,5.337900161743164
1708401600,5.338399887084961
1708405200,5.338600158691406
1708412400,5.3379998207092285
1708430400,5.356299877166748
1708434000,5.344099998474121
1708437600,5.3379998207092285
1708441200,5.3403000831604
1708444800,5.333199977874756
1708448400,5.327400207519531
1708452000,5.328800201416016
1708455600,5.328999996185303
1708459200,5.326300144195557
1708462800,5.325200080871582
1708466400,5.326200008392334
1708473600,5.326099872589111
1708480800,5.329899787902832
1708513200,5.320799827575684
1708516800,5.321100234985352
1708520400,5.328800201416016
1708524000,5.329100131988525
1708527600,5.330399990081787
1708531200,5.329899787902832
1708534800,5.333600044250488
1708538400,5.344099998474121
1708542000,5.340700149536133
1708545600,5.339099884033203
1708549200,5.340199947357178
1708552800,5.340099811553955
1708560000,5.345399856567383
1708563600,5.34499979019165
1708574400,5.3454999923706055
1708578000,5.345799922943115
1708599600,5.3607001304626465
1708603200,5.346799850463867
1708606800,5.34689998626709
1708610400,5.34689998626709
1708614000,5.345099925994873
1708617600,5.3429999351501465
1708621200,5.351500034332275
1708624800,5.3557000160217285
1708628400,5.358699798583984
1708632000,5.372799873352051
1708635600,5.36870002746582
1708639200,5.368100166320801
1708646400,5.3709001541137695
1708660800,5.369800090789795
1708664400,5.368899822235107
1708686000,5.374100208282471
1708689600,5.381899833679199
1708693200,5.393899917602539
1708696800,5.40749979019165
1708700400,5.4004998207092285
1708704000,5.38700008392334
1708707600,5.392600059509277
1708711200,5.398799896240234
1708714800,5.402699947357178
1708718400,5.4039998054504395
1708722000,5.403500080108643
1708725600,5.40310001373291
1708912800,5.401899814605713
1708916400,5.402100086212158
1708920000,5.403500080108643
1708923600,5.4039998054504395
1708948800,5.408599853515625
1708952400,5.411399841308594
1708956000,5.3983001708984375
1708959600,5.404799938201904
1708963200,5.41349983215332
1708966800,5.407700061798096
1708970400,5.399799823760986
1708974000,5.401899814605713
1708977600,5.40369987487793
1708981200,5.403800010681152
1708984800,5.403200149536133
1708995600,5.403299808502197
1708999200,5.404300212860107
1709002800,5.404099941253662
1709006400,5.4045000076293945
1709031600,5.406300067901611
1709035200,5.394400119781494
1709038800,5.389599800109863
1709042400,5.365600109100342
1709046000,5.3632001876831055
1709049600,5.367599964141846
1709053200,5.357500076293945
1709056800,5.35129976272583
1709060400,5.349800109863281
1709064000,5.349899768829346
1709067600,5.350200176239014
1709074800,5.348700046539307
1709078400,5.350599765777588
1709082000,5.3480000495910645
1709092800,5.344799995422363
1709118000,5.336599826812744
1709121600,5.350399971008301
1709125200,5.361100196838379
1709128800,5.371799945831299
1709132400,5.369900226593018
1709136000,5.370800018310547
1709139600,5.373600006103516
1709143200,5.385700225830078
1709146800,5.383999824523926
1709150400,5.385499954223633
1709154000,5.382500171661377
1709157600,5.382500171661377
1709161200,5.382500171661377
1709168400,5.379000186920166
1709172000,5.3815999031066895
1709175600,5.38040018081665
1709179200,5.380499839782715
1709186400,5.380000114440918
1709190000,5.380099773406982
1709211600,5.407199859619141
1709215200,5.398799896240234
1709218800,5.3744001388549805
1709222400,5.371500015258789
1709226000,5.369900226593018
1709229600,5.3709001541137695
1709233200,5.372600078582764
1709236800,5.3703999519348145
1709240400,5.371600151062012
1709254800,5.379499912261963
1709258400,5.378499984741211
1709262000,5.377500057220459
1709265600,5.376800060272217
1709290800,5.376999855041504
1709294400,5.365200042724609
1709298000,5.368500232696533
1709301600,5.365600109100342
1709305200,5.357999801635742
1709308800,5.359499931335449
1709312400,5.361700057983398
1709316000,5.367199897766113
1709319600,5.371099948883057
1709323200,5.368800163269043
1709326800,5.36959981918335
1709330400,5.369500160217285
1709510400,5.372000217437744
1709517600,5.372799873352051
1709550000,5.377500057220459
1709553600,5.369100093841553
1709557200,5.367099761962891
1709560800,5.371099948883057
1709564400,5.369699954986572
1709568000,5.367300033569336
1709571600,5.36959981918335
1709575200,5.369800090789795
1709578800,5.371099948883057
1709582400,5.370299816131592
1709586000,5.368000030517578
1709589600,5.3678998947143555
1709593200,5.367400169372559
1709600400,5.365200042724609
1709604000,5.365300178527832
1709611200,5.365600109100342
1709614800,5.365900039672852
1709636400,5.367800235748291
1709640000,5.371799945831299
1709643600,5.36959981918335
1709647200,5.376399993896484
1709650800,5.373700141906738
1709654400,5.384399890899658
1709658000,5.3796000480651855
1709661600,5.377299785614014
1709665200,5.376800060272217
1709668800,5.383699893951416
1709672400,5.382699966430664
1709676000,5.382800102233887
1709683200,5.379499912261963
1709690400,5.3805999755859375
1709694000,5.380099773406982
1709697600,5.3796000480651855
1709722800,5.392099857330322
1709726400,5.373600006103516
1709730000,5.371799945831299
1709733600,5.376999855041504
1709737200,5.38539981842041
1709740800,5.383800029754639
1709744400,5.386199951171875
1709748000,5.388800144195557
1709751600,5.387199878692627
1709755200,5.389699935913086
1709758800,5.388899803161621
1709762400,5.388700008392334
1709769600,5.390699863433838
1709776800,5.387499809265137
1709784000,5.391200065612793
1709787600,5.390900135040283
1709820000,5.387499809265137
1709823600,5.3927998542785645
1709827200,5.394899845123291
1709830800,5.399499893188477
1709834400,5.39900016784668
1709838000,5.399799823760986
1709841600,5.401599884033203
1709845200,5.402200222015381
1709848800,5.4019999504089355
1709859600,5.402400016784668
1709863200,5.402299880981445
1709866800,5.402200222015381
1709870400,5.401299953460693
1709874000,5.401199817657471
1709906400,5.453199863433838
1709910000,5.446800231933594
1709913600,5.444699764251709
1709917200,5.448400020599365
1709920800,5.449900150299072
1709924400,5.44950008392334
1709928000,5.44920015335083
1709931600,5.446700096130371
1709935200,5.447700023651123
1710122400,5.450200080871582
1710126000,5.451399803161621
1710129600,5.4506001472473145
1710162000,5.429299831390381
1710165600,5.423999786376953
1710169200,5.428699970245361
1710172800,5.433599948883057
1710176400,5.431000232696533
1710180000,5.434599876403809
1710183600,5.438300132751465
1710187200,5.440400123596191
1710201600,5.440700054168701
1710208800,5.444399833679199
1710212400,5.444300174713135
1710216000,5.4440999031066895
1710237600,5.442699909210205
1710241200,5.444699764251709
1710244800,5.436299800872803
1710248400,5.434999942779541
1710252000,5.437300205230713
1710255600,5.438000202178955
1710259200,5.442500114440918
1710262800,5.436299800872803
1710266400,5.427800178527832
1710270000,5.4328999519348145
1710273600,5.43179988861084
1710277200,5.429999828338623
1710284400,5.430600166320801
1710288000,5.431099891662598
1710295200,5.429999828338623
1710298800,5.431700229644775
1710327600,5.439799785614014
1710331200,5.448999881744385
1710334800,5.450300216674805
1710338400,5.448599815368652
1710342000,5.4456000328063965
1710345600,5.447500228881836
1710349200,5.44789981842041
1710352800,5.44320011138916
1710356400,5.446100234985352
1710360000,5.4415998458862305
1710363600,5.441999912261963
1710367200,5.442800045013428
1710378000,5.442299842834473
1710381600,5.440499782562256
1710410400,5.438300132751465
1710414000,5.4344000816345215
1710417600,5.424200057983398
1710421200,5.432000160217285
1710424800,5.423999786376953
1710428400,5.423799991607666
1710432000,5.4243998527526855
1710435600,5.427499771118164
1710439200,5.432700157165527
1710442800,5.4303998947143555
1710446400,5.429800033569336
1710450000,5.435999870300293
1710453600,5.4355998039245605
1710457200,5.4355998039245605
1710464400,5.43209981918335
1710468000,5.431700229644775
1710471600,5.432000160217285
1710475200,5.432000160217285
1710500400,5.434700012207031
1710504000,5.441500186920166
1710507600,5.436800003051758
1710511200,5.430600166320801
1710514800,5.431000232696533
1710518400,5.437300205230713
1710522000,5.438600063323975
1710525600,5.438899993896484
1710529200,5.441400051116943
1710532800,5.438199996948242
1710536400,5.440199851989746
1710723600,5.439599990844727
1710727200,5.439599990844727
1710730800,5.439599990844727
1710759600,5.446300029754639
1710763200,5.437300205230713
1710766800,5.455399990081787
1710770400,5.469900131225586
1710774000,5.463900089263916
1710777600,5.456900119781494
1710781200,5.4593000411987305
1710784800,5.465400218963623
1710788400,5.461900234222412
1710792000,5.464000225067139
1710795600,5.469699859619141
1710806400,5.467800140380859
1710817200,5.470200061798096
1710820800,5.469399929046631
1710849600,5.473800182342529
1710853200,5.466800212860107
1710856800,5.459099769592285
1710860400,5.450399875640869
1710864000,5.454699993133545
1710867600,5.446000099182129
1710871200,5.44980001449585
1710874800,5.464900016784668
1710878400,5.467100143432617
1710882000,5.46619987487793
1710892800,5.464700222015381
1710932400,5.453499794006348
1710936000,5.440199851989746
1710939600,5.439599990844727
1710943200,5.432499885559082
1710946800,5.43120002746582
1710950400,5.436699867248535
1710954000,5.427700042724609
1710957600,5.4293999671936035
1710961200,5.432300090789795
1710964800,5.426199913024902
1710968400,5.435200214385986
1710972000,5.4390997886657715
1710986400,5.430699825286865
1710990000,5.430699825286865
1710993600,5.429699897766113
1710997200,5.430099964141846
1711004400,5.412700176239014
1711015200,5.4344000816345215
1711018800,5.407800197601318
1711022400,5.423299789428711
1711026000,5.42140007019043
1711029600,5.420400142669678
1711033200,5.407100200653076
1711036800,5.406799793243408
1711040400,5.4008002281188965
1711044000,5.403200149536133
1711047600,5.40500020980835
1711051200,5.406499862670898
1711054800,5.4019999504089355
1711058400,5.401700019836426
1711069200,5.396399974822998
1711072800,5.391900062561035
1711101600,5.4070000648498535
1711105200,5.4095001220703125
1711108800,5.410200119018555
1711112400,5.395699977874756
1711116000,5.3927998542785645
1711119600,5.3958001136779785
1711123200,5.389900207519531
1711126800,5.397799968719482
1711130400,5.404399871826172
1711134000,5.401400089263916
1711137600,5.404200077056885
1711141200,5.406499862670898
1711144800,5.40500020980835
1711339200,5.407700061798096
1711342800,5.412099838256836
1711346400,5.409800052642822
1711350000,5.383200168609619
1711353600,5.382299900054932
1711357200,5.383900165557861
1711360800,5.410399913787842
1711364400,5.416399955749512
1711368000,5.412899971008301
1711371600,5.394400119781494
1711375200,5.400100231170654
1711378800,5.4029998779296875
1711382400,5.395699977874756
1711386000,5.392399787902832
1711389600,5.390100002288818
1711393200,5.3907999992370605
1711396800,5.391200065612793
1711400400,5.389200210571289
1711404000,5.3892998695373535
1711422000,5.389100074768066
1711447200,5.399700164794922
1711450800,5.401500225067139
1711454400,5.405200004577637
1711458000,5.40939998626709
1711461600,5.407599925994873
1711465200,5.402599811553955
1711468800,5.400300025939941
1711472400,5.393599987030029
1711476000,5.398499965667725
1711479600,5.394599914550781
1711483200,5.395999908447266
1711486800,5.395999908447266
1711490400,5.395899772644043
1711508400,5.388000011444092
1711522800,5.392899990081787
1711533600,5.394199848175049
1711537200,5.388899803161621
1711540800,5.391200065612793
1711544400,5.392499923706055
1711548000,5.386899948120117
1711551600,5.384300231933594
1711555200,5.384699821472168
1711558800,5.384099960327148
1711562400,5.385000228881836
1711566000,5.392300128936768
1711569600,5.397200107574463
1711573200,5.404699802398682
1711576800,5.381400108337402
1711587600,5.399600028991699
1711594800,5.4028000831604
1711598400,5.385000228881836
1711620000,5.366399765014648
1711623600,5.366499900817871
1711627200,5.400000095367432
1711630800,5.390600204467773
1711634400,5.387700080871582
1711638000,5.405700206756592
1711641600,5.399700164794922
1711645200,5.406099796295166
1711648800,5.402400016784668
1711652400,5.409200191497803
1711656000,5.408100128173828
1711659600,5.411799907684326
1711663200,5.401599884033203
1711666800,5.402500152587891
1711670400,5.408999919891357
1711677600,5.405799865722656
1711684800,5.404600143432617
1711695600,5.381999969482422
1711706400,5.399799823760986
1711710000,5.400400161743164
1711713600,5.398200035095215
1711720800,5.41379976272583
1711724400,5.4116997718811035
1711728000,5.411099910736084
1711742400,5.403299808502197
1711746000,5.403200149536133
1711929600,5.4120001792907715
1711936800,5.408899784088135
1711940400,5.4079999923706055
1711944000,5.400100231170654
1711951200,5.39139986038208
1711965600,5.397299766540527
1711969200,5.407299995422363
1711972800,5.434700012207031
1711976400,5.432799816131592
1711980000,5.427999973297119
1711983600,5.436600208282471
1711987200,5.434500217437744
1711990800,5.430200099945068
1711994400,5.439700126647949
1711998000,5.433000087738037
1712001600,5.429299831390381
1712005200,5.430500030517578
1712008800,5.428699970245361
1712012400,5.427800178527832
1712016000,5.427299976348877
1712019600,5.425600051879883
1712026800,5.423999786376953
1712037600,5.422299861907959
1712052000,5.439799785614014
1712055600,5.433300018310547
1712059200,5.425000190734863
1712062800,5.429200172424316
1712066400,5.44290018081665
1712070000,5.438799858093262
1712073600,5.441199779510498
1712077200,5.441500186920166
1712080800,5.444900035858154
1712084400,5.444399833679199
1712088000,5.446700096130371
1712091600,5.457099914550781
1712095200,5.446800231933594
1712102400,5.454500198364258
1712109600,5.458000183105469
1712113200,5.450900077819824
1712124000,5.436600208282471
1712138400,5.4471001625061035
1712142000,5.453800201416016
1712145600,5.470900058746338
1712149200,5.4934000968933105
1712152800,5.493800163269043
1712156400,5.479400157928467
1712160000,5.468299865722656
1712163600,5.459799766540527
1712167200,5.456500053405762
1712170800,5.4593000411987305
1712174400,5.457799911499023
1712178000,5.459799766540527
1712181600,5.4608001708984375
1712185200,5.460899829864502
1712188800,5.4633002281188965
1712192400,5.462800025939941
1712196000,5.463399887084961
1712199600,5.464000225067139
1712203200,5.464099884033203
1712210400,5.448200225830078
1712224800,5.468299865722656
1712228400,5.470799922943115
1712232000,5.474699974060059
1712235600,5.459799766540527
1712239200,5.4633002281188965
1712242800,5.442599773406982
1712246400,5.442500114440918
1712250000,5.454699993133545
1712253600,5.46619987487793
1712257200,5.47189998626709
1712260800,5.480400085449219
1712264400,5.481800079345703
1712268000,5.458000183105469
1712275200,5.481200218200684
1712289600,5.4756999015808105
1712293200,5.476399898529053
1712311200,5.456500053405762
1712314800,5.463699817657471
1712318400,5.458099842071533
1712322000,5.446400165557861
1712325600,5.465099811553955
1712329200,5.489799976348877
1712332800,5.4832000732421875
1712336400,5.492300033569336
1712340000,5.491199970245361
1712343600,5.486999988555908
1712347200,5.489699840545654
1712350800,5.491199970245361
1712541600,5.491799831390381
1712545200,5.487800121307373
1712548800,5.488500118255615
1712556000,5.479000091552734
1712570400,5.490900039672852
1712574000,5.4832000732421875
1712577600,5.482800006866455
1712581200,5.468400001525879
1712584800,5.4720001220703125
1712588400,5.458799839019775
1712592000,5.458000183105469
1712595600,5.460400104522705
1712599200,5.460899829864502
1712602800,5.460400104522705
1712606400,5.460299968719482
1712610000,5.460599899291992
1712613600,5.461100101470947
1712624400,5.4567999839782715
1712631600,5.453199863433838
1712642400,5.442599773406982
1712656800,5.465000152587891
1712660400,5.460100173950195
1712664000,5.4481000900268555
1712667600,5.451499938964844
1712671200,5.434299945831299
1712674800,5.433599948883057
1712678400,5.432600021362305
1712682000,5.432799816131592
1712685600,5.433800220489502
1712689200,5.434100151062012
1712692800,5.437699794769287
1712696400,5.435400009155273
1712700000,5.435500144958496
1712710800,5.435699939727783
1712718000,5.4328999519348145
1712721600,5.4319000244140625
1712728800,5.417600154876709
1712732400,5.436500072479248
1712743200,5.441299915313721
1712746800,5.434100151062012
1712750400,5.441400051116943
1712754000,5.441500186920166
1712757600,5.446100234985352
1712761200,5.446499824523926
1712764800,5.44950008392334
1712768400,5.4552998542785645
1712772000,5.454100131988525
1712775600,5.4552998542785645
1712779200,5.451300144195557
1712782800,5.456500053405762
1712786400,5.456699848175049
1712815200,5.4334001541137695
1712822400,5.442699909210205
1712829600,5.435400009155273
1712833200,5.434700012207031
1712836800,5.44189977645874
1712840400,5.453999996185303
1712844000,5.441699981689453
1712847600,5.44350004196167
1712851200,5.450099945068359
1712854800,5.450500011444092
1712858400,5.459400177001953
1712862000,5.45989990234375
1712865600,5.461900234222412
1712869200,5.46120023727417
1712872800,5.458799839019775
1712890800,5.453100204467773
1712894400,5.4527997970581055
1712901600,5.420300006866455
1712916000,5.424200057983398
1712919600,5.420400142669678
1712923200,5.452499866485596
1712926800,5.4633002281188965
1712930400,5.468200206756592
1712934000,5.469200134277344
1712937600,5.458399772644043
1712941200,5.45989990234375
1712944800,5.456200122833252
1712948400,5.4475998878479
1712952000,5.4456000328063965
1712955600,5.458600044250488
1713139200,5.461699962615967
1713153600,5.463799953460693
1713157200,5.466700077056885
1713160800,5.451499938964844
1713168000,5.44980001449585
1713175200,5.465799808502197
1713178800,5.465700149536133
1713182400,5.486499786376953
1713186000,5.507199764251709
1713189600,5.5040998458862305
1713193200,5.512599945068359
1713196800,5.512899875640869
1713200400,5.51230001449585
1713204000,5.501500129699707
1713207600,5.506999969482422
1713211200,5.508900165557861
1713214800,5.5030999183654785
1713218400,5.504499912261963
1713261600,5.512599945068359
1713265200,5.517300128936768
1713268800,5.57420015335083
1713272400,5.5903000831604
1713276000,5.620200157165527
1713279600,5.599899768829346
1713283200,5.5843000411987305
1713286800,5.588900089263916
1713290400,5.584199905395508
1713294000,5.5945000648498535
1713297600,5.607699871063232
1713301200,5.613100051879883
1713308400,5.577600002288818
1713312000,5.579100131988525
1713315600,5.581699848175049
1713319200,5.582799911499023
1713333600,5.585999965667725
1713344400,5.6244001388549805
1713348000,5.626699924468994
1713351600,5.621699810028076
1713355200,5.591300010681152
1713358800,5.573299884796143
1713362400,5.571899890899658
1713366000,5.577199935913086
1713369600,5.600500106811523
1713373200,5.579100131988525
1713376800,5.5802001953125
1713380400,5.593299865722656
1713384000,5.594600200653076
1713387600,5.595099925994873
1713391200,5.595300197601318
1713420000,5.583000183105469
1713430800,5.584799766540527
1713434400,5.5970001220703125
1713438000,5.590700149536133
1713441600,5.5879998207092285
1713445200,5.578999996185303
1713448800,5.592100143432617
1713452400,5.60260009765625
1713456000,5.61269998550415
1713459600,5.605100154876709
1713463200,5.593599796295166
1713466800,5.587800025939941
1713470400,5.584799766540527
1713474000,5.592199802398682
1713477600,5.591599941253662
1713506400,5.573599815368652
1713517200,5.586400032043457
1713520800,5.595799922943115
1713524400,5.583099842071533
1713528000,5.599400043487549
1713531600,5.582399845123291
1713535200,5.561100006103516
1713538800,5.551000118255615
1713542400,5.540599822998047
1713546000,5.531700134277344
1713549600,5.530799865722656
1713553200,5.5381999015808105
1713556800,5.543399810791016
1713560400,5.548900127410889
1713740400,5.5346999168396
1713776400,5.547100067138672
1713780000,5.530300140380859
1713783600,5.538300037384033
1713787200,5.542099952697754
1713790800,5.539700031280518
1713794400,5.524400234222412
1713798000,5.527200222015381
1713801600,5.515900135040283
1713805200,5.513199806213379
1713808800,5.514500141143799
1713812400,5.508200168609619
1713816000,5.505300045013428
1713819600,5.502999782562256
1713823200,5.50439977645874
1713852000,5.4878997802734375
1713862800,5.494699954986572
1713866400,5.514800071716309
1713870000,5.524600028991699
1713873600,5.527599811553955
1713877200,5.522900104522705
1713880800,5.510799884796143
1713884400,5.511000156402588
1713888000,5.493000030517578
1713891600,5.482500076293945
1713895200,5.487199783325195
1713898800,5.48829984664917
1713902400,5.485199928283691
1713906000,5.491300106048584
1713909600,5.485300064086914
1713924000,5.489699840545654
1713938400,5.481599807739258
1713949200,5.484600067138672
1713952800,5.479899883270264
1713956400,5.478400230407715
1713960000,5.504799842834473
1713963600,5.514699935913086
1713967200,5.517300128936768
1713970800,5.510900020599365
1713974400,5.511499881744385
1713978000,5.50600004196167
1713981600,5.506400108337402
1713985200,5.506499767303467
1713988800,5.506700038909912
1713992400,5.50570011138916
1713996000,5.505899906158447
1714024800,5.498499870300293
1714028400,5.494999885559082
1714032000,5.520899772644043
1714035600,5.500100135803223
1714039200,5.521500110626221
1714042800,5.519100189208984
1714046400,5.520500183105469
1714050000,5.536799907684326
1714053600,5.534900188446045
1714057200,5.537499904632568
1714060800,5.544000148773193
1714064400,5.531400203704834
1714068000,5.5381999015808105
1714071600,5.54010009765625
1714075200,5.5346999168396
1714078800,5.529200077056885
1714082400,5.528900146484375
1714096800,5.526100158691406
1714100400,5.526800155639648
1714122000,5.537600040435791
1714125600,5.530099868774414
1714129200,5.528600215911865
1714132800,5.503200054168701
1714136400,5.483500003814697
1714140000,5.47629976272583
1714143600,5.466300010681152
1714147200,5.470399856567383
1714150800,5.469900131225586
1714154400,5.474800109863281
1714158000,5.473299980163574
1714161600,5.470600128173828
1714165200,5.470799922943115
1714348800,5.476600170135498
1714352400,5.4756999015808105
1714381200,5.4816999435424805
1714384800,5.478899955749512
1714388400,5.481800079345703
1714392000,5.4653000831604
1714395600,5.470200061798096
1714399200,5.475299835205078
1714402800,5.48199987411499
1714406400,5.480100154876709
1714410000,5.478099822998047
1714413600,5.4791998863220215
1714417200,5.48330020904541
1714420800,5.488399982452393
1714424400,5.478499889373779
1714428000,5.47730016708374
1714431600,5.475100040435791
1714435200,5.473999977111816
1714471200,5.482800006866455
1714474800,5.481100082397461
1714478400,5.513400077819824
1714482000,5.531599998474121
1714485600,5.5406999588012695
1714489200,5.529900074005127
1714492800,5.537099838256836
1714496400,5.541500091552734
1714500000,5.538099765777588
1714503600,5.541200160980225
1714507200,5.5391998291015625
1714510800,5.53410005569458
1714514400,5.533199787139893
1714543200,5.513999938964844
1714546800,5.536799907684326
1714550400,5.53879976272583
1714557600,5.534200191497803
1714561200,5.535600185394287
1714572000,5.5304999351501465
1714575600,5.529399871826172
1714579200,5.542699813842773
1714582800,5.530399799346924
1714586400,5.538599967956543
1714597200,5.55019998550415
1714600800,5.550099849700928
1714611600,5.563799858093262
1714622400,5.550899982452393
1714629600,5.54010009765625
1714644000,5.551799774169922
1714647600,5.55049991607666
1714651200,5.492400169372559
1714654800,5.4604997634887695
1714658400,5.461299896240234
1714662000,5.472700119018555
1714665600,5.4730000495910645
1714669200,5.469399929046631
1714672800,5.479700088500977
1714676400,5.484499931335449
1714680000,5.481400012969971
1714683600,5.480500221252441
1714687200,5.48330020904541
1714694400,5.479499816894531
1714701600,5.486000061035156
1714716000,5.468500137329102
1714730400,5.484600067138672
1714734000,5.491600036621094
1714737600,5.453800201416016
1714741200,5.461699962615967
1714744800,5.460599899291992
1714748400,5.462299823760986
1714752000,5.456299781799316
1714755600,5.458399772644043
1714759200,5.456699848175049
1714762800,5.456200122833252
1714766400,5.459099769592285
1714770000,5.459000110626221
1714950000,5.456999778747559
1714953600,5.456900119781494
1714960800,5.462699890136719
1714989600,5.457499980926514
1714993200,5.459099769592285
1714996800,5.48829984664917
1715000400,5.4720001220703125
1715004000,5.462200164794922
1715007600,5.4604997634887695
1715011200,5.456500053405762
1715014800,5.454400062561035
1715018400,5.46120023727417
1715022000,5.462900161743164
1715025600,5.4654998779296875
1715029200,5.459000110626221
1715032800,5.46619987487793
1715047200,5.464300155639648
1715061600,5.442200183868408
1715076000,5.456600189208984
1715079600,5.464799880981445
1715083200,5.454400062561035
1715086800,5.459799766540527
1715090400,5.4421000480651855
1715094000,5.4558000564575195
1715097600,5.4542999267578125
1715101200,5.455900192260742
1715104800,5.452099800109863
1715108400,5.450099945068359
1715112000,5.452899932861328
1715115600,5.457900047302246
1715119200,5.452000141143799
1715133600,5.4506001472473145
1715137200,5.450399875640869
1715148000,5.4328999519348145
1715162400,5.452499866485596
1715166000,5.449999809265137
1715169600,5.484899997711182
1715173200,5.4704999923706055
1715176800,5.462500095367432
1715180400,5.465799808502197
1715184000,5.46619987487793
1715187600,5.470399856567383
1715191200,5.475200176239014
1715194800,5.469799995422363
1715198400,5.4704999923706055
1715202000,5.468900203704834
1715205600,5.469200134277344
1715220000,5.468400001525879
1715223600,5.469399929046631
1715234400,5.45550012588501
1715241600,5.4496002197265625
1715248800,5.469399929046631
1715252400,5.460999965667725
1715256000,5.536900043487549
1715259600,5.56850004196167
1715263200,5.562300205230713
1715266800,5.553199768066406
1715270400,5.5665998458862305
1715274000,5.559899806976318
1715277600,5.544099807739258
1715281200,5.544600009918213
1715284800,5.543399810791016
1715288400,5.543900012969971
1715292000,5.545400142669678
1715306400,5.540500164031982
1715310000,5.540599822998047
1715317200,5.54010009765625
1715320800,5.527500152587891
1715335200,5.543099880218506
1715338800,5.542300224304199
1715342400,5.536200046539307
1715346000,5.536399841308594
1715349600,5.54010009765625
1715353200,5.5518999099731445
1715356800,5.555099964141846
1715360400,5.552800178527832
1715364000,5.553199768066406
1715367600,5.5543999671936035
1715371200,5.553500175476074
1715374800,5.557000160217285
1715565600,5.553100109100342
1715580000,5.535200119018555
1715594400,5.557499885559082
1715598000,5.564899921417236
1715601600,5.53879976272583
1715605200,5.540800094604492
1715608800,5.552199840545654
1715612400,5.569900035858154
1715616000,5.563899993896484
1715619600,5.562399864196777
1715623200,5.555600166320801
1715626800,5.5559000968933105
1715630400,5.557799816131592
1715634000,5.556600093841553
1715637600,5.556399822235107
1715641200,5.557799816131592
1715644800,5.562399864196777
1715648400,5.5553998947143555
1715652000,5.554299831390381
1715659200,5.554500102996826
1715662800,5.554100036621094
1715680800,5.559000015258789
1715684400,5.562699794769287
1715688000,5.546000003814697
1715691600,5.550600051879883
1715695200,5.55709981918335
1715698800,5.553400039672852
1715702400,5.546999931335449
1715706000,5.554200172424316
1715709600,5.550600051879883
1715713200,5.551199913024902
1715716800,5.548799991607666
1715720400,5.547999858856201
1715724000,5.544400215148926
1715742000,5.549699783325195
1715752800,5.535900115966797
1715767200,5.553100109100342
1715770800,5.552199840545654
1715774400,5.582399845123291
1715778000,5.591700077056885
1715781600,5.572400093078613
1715785200,5.571000099182129
1715788800,5.572800159454346
1715792400,5.586299896240234
1715796000,5.5894999504089355
1715799600,5.5879998207092285
1715803200,5.589799880981445
1715806800,5.588500022888184
1715810400,5.59119987487793
1715824800,5.594799995422363
1715828400,5.590000152587891
1715832000,5.588799953460693
1715839200,5.569699764251709
1715853600,5.585999965667725
1715857200,5.583499908447266
1715860800,5.558300018310547
1715864400,5.567800045013428
1715868000,5.569699764251709
1715871600,5.575900077819824
1715875200,5.573599815368652
1715878800,5.580900192260742
1715882400,5.575699806213379
1715886000,5.574900150299072
1715889600,5.57420015335083
1715893200,5.57390022277832
1715896800,5.57289981842041
1715904000,5.56879997253418
1715907600,5.56820011138916
1715911200,5.567200183868408
1715914800,5.567800045013428
1715925600,5.571000099182129
1715929200,5.552700042724609
1715940000,5.559899806976318
1715943600,5.5609002113342285
1715947200,5.552999973297119
1715950800,5.5619001388549805
1715954400,5.559800148010254
1715958000,5.559500217437744
1715961600,5.550300121307373
1715965200,5.553500175476074
1715968800,5.550300121307373
1715972400,5.546800136566162
1715976000,5.547299861907959
1715979600,5.548900127410889
1716163200,5.549499988555908
1716174000,5.550099849700928
1716199200,5.548299789428711
1716202800,5.543099880218506
1716206400,5.561200141906738
1716210000,5.559100151062012
1716213600,5.5355000495910645
1716217200,5.531700134277344
1716220800,5.543499946594238
1716224400,5.551799774169922
1716228000,5.5507001876831055
1716231600,5.544899940490723
1716235200,5.5416998863220215
1716238800,5.541999816894531
1716242400,5.546500205993652
1716246000,5.547299861907959
1716249600,5.54580020904541
1716253200,5.542099952697754
1716256800,5.541100025177002
1716260400,5.540999889373779
1716271200,5.525300025939941
1716285600,5.551799774169922
1716289200,5.552299976348877
1716292800,5.531499862670898
1716296400,5.521299839019775
1716300000,5.546999931335449
1716303600,5.5472002029418945
1716307200,5.557300090789795
1716310800,5.548600196838379
1716314400,5.549499988555908
1716318000,5.551199913024902
1716321600,5.5605998039245605
1716325200,5.560999870300293
1716328800,5.552000045776367
1716336000,5.5619001388549805
1716339600,5.561399936676025
1716343200,5.561999797821045
1716346800,5.562099933624268
1716372000,5.545000076293945
1716375600,5.535799980163574
1716379200,5.573400020599365
1716382800,5.576399803161621
1716386400,5.582699775695801
1716390000,5.577099800109863
1716393600,5.576099872589111
1716397200,5.585000038146973
1716400800,5.579599857330322
1716404400,5.577199935913086
1716408000,5.573299884796143
1716411600,5.577400207519531
1716415200,5.579699993133545
1716429600,5.577499866485596
1716436800,5.581900119781494
1716440400,5.580399990081787
1716444000,5.55649995803833
1716458400,5.590000152587891
1716462000,5.592599868774414
1716465600,5.568900108337402
1716469200,5.569900035858154
1716472800,5.574900150299072
1716476400,5.573599815368652
1716480000,5.572299957275391
1716483600,5.575799942016602
1716487200,5.574399948120117
1716490800,5.571000099182129
1716494400,5.564000129699707
1716498000,5.562699794769287
1716501600,5.562300205230713
1716505200,5.578000068664551
1716512400,5.577099800109863
1716516000,5.560100078582764
1716519600,5.559999942779541
1716530400,5.553199768066406
1716544800,5.59060001373291
1716548400,5.576000213623047
1716552000,5.577899932861328
1716555600,5.588699817657471
1716559200,5.583799839019775
1716562800,5.587900161743164
1716566400,5.587500095367432
1716570000,5.588699817657471
1716573600,5.610499858856201
1716577200,5.6072001457214355
1716580800,5.607800006866455
1716584400,5.60830020904541
1716775200,5.609799861907959
1716804000,5.611800193786621
1716807600,5.615499973297119
1716811200,5.595200061798096
1716814800,5.604000091552734
1716818400,5.620699882507324
1716822000,5.6184000968933105
1716825600,5.610499858856201
1716829200,5.617300033569336
1716832800,5.615600109100342
1716836400,5.615600109100342
1716840000,5.6149001121521
1716843600,5.616199970245361
1716847200,5.6168999671936035
1716858000,5.623700141906738
1716861600,5.624499797821045
1716890400,5.6269001960754395
1716894000,5.632599830627441
1716897600,5.5954999923706055
1716901200,5.593299865722656
1716904800,5.609499931335449
1716908400,5.606500148773193
1716912000,5.60830020904541
1716915600,5.609300136566162
1716919200,5.60099983215332
1716922800,5.5980000495910645
1716926400,5.602799892425537
1716930000,5.60129976272583
1716933600,5.604599952697754
1716948000,5.599899768829346
1716951600,5.600500106811523
1716976800,5.595699787139893
1716980400,5.5995001792907715
1716984000,5.621799945831299
1716987600,5.634099960327148
1716991200,5.617800235748291
1716994800,5.623499870300293
1716998400,5.63100004196167
1717002000,5.63070011138916
1717005600,5.623799800872803
1717009200,5.626100063323975
1717012800,5.6194000244140625
1717016400,5.623499870300293
1717020000,5.619699954986572
1717023600,5.619999885559082
1717027200,5.617599964141846
1717034400,5.617099761962891
1717048800,5.593200206756592
1717063200,5.628900051116943
1717066800,5.638700008392334
1717070400,5.6545000076293945
1717074000,5.633299827575684
1717077600,5.655900001525879
1717081200,5.651400089263916
1717084800,5.657299995422363
1717088400,5.657299995422363
1717092000,5.639999866485596
1717095600,5.635900020599365
1717099200,5.638199806213379
1717102800,5.637899875640869
1717106400,5.638599872589111
1717117200,5.63040018081665
1717131600,5.629700183868408
1717135200,5.607999801635742
1717138800,5.631700038909912
1717142400,5.637199878692627
1717149600,5.648399829864502
1717153200,5.649600028991699
1717156800,5.681099891662598
1717160400,5.688899993896484
1717164000,5.705999851226807
1717167600,5.685800075531006
1717171200,5.679599761962891
1717174800,5.68720006942749
1717178400,5.690299987792969
1717182000,5.698200225830078
1717185600,5.690999984741211
1717189200,5.689599990844727
1717383600,5.692200183868408
1717387200,5.6940999031066895
1717394400,5.683700084686279
1717408800,5.685299873352051
1717412400,5.688899993896484
1717416000,5.683800220489502
1717419600,5.7058000564575195
1717423200,5.6869001388549805
1717426800,5.701300144195557
1717430400,5.701300144195557
1717434000,5.684000015258789
1717437600,5.692500114440918
1717441200,5.704899787902832
1717444800,5.719299793243408
1717448400,5.7245001792907715
1717462800,5.7266998291015625
1717473600,5.727499961853027
1717480800,5.678400039672852
1717498800,5.701600074768066
1717502400,5.717199802398682
1717506000,5.713799953460693
1717509600,5.734399795532227
1717513200,5.752699851989746
1717516800,5.749199867248535
1717520400,5.747300148010254
1717524000,5.757400035858154
1717527600,5.749800205230713
1717531200,5.7505998611450195
1717534800,5.754700183868408
1717538400,5.755000114440918
1717552800,5.756999969482422
1717556400,5.754199981689453
1717567200,5.7403998374938965
1717570800,5.739999771118164
1717581600,5.750100135803223
1717585200,5.745999813079834
1717588800,5.736299991607666
1717592400,5.749000072479248
1717596000,5.751100063323975
1717599600,5.7393999099731445
1717603200,5.7480998039245605
1717606800,5.755499839782715
1717610400,5.7642998695373535
1717614000,5.7596001625061035
1717617600,5.7571001052856445
1717621200,5.763199806213379
1717624800,5.764200210571289
1717628400,5.762499809265137
1717632000,5.763599872589111
1717642800,5.775199890136719
1717646400,5.772500038146973
1717653600,5.753799915313721
1717664400,5.7515997886657715
1717668000,5.763999938964844
1717671600,5.758699893951416
1717675200,5.7480998039245605
1717678800,5.7393999099731445
1717682400,5.7241997718811035
1717686000,5.718200206756592
1717689600,5.714399814605713
1717693200,5.714000225067139
1717696800,5.712299823760986
1717700400,5.715700149536133
1717704000,5.723800182342529
1717707600,5.72599983215332
1717711200,5.726600170135498
1717714800,5.726500034332275
1717722000,5.728300094604492
1717725600,5.7291998863220215
1717754400,5.7093000411987305
1717758000,5.714099884033203
1717761600,5.7322998046875
1717765200,5.7133002281188965
1717768800,5.702499866485596
1717772400,5.698500156402588
1717776000,5.702499866485596
1717779600,5.715400218963623
1717783200,5.725500106811523
1717786800,5.750500202178955
1717790400,5.771999835968018
1717794000,5.781400203704834
1717977600,5.768799781799316
1718020800,5.753300189971924
1718024400,5.772900104522705
1718028000,5.7600998878479
1718031600,5.76669979095459
1718035200,5.766900062561035
1718038800,5.767899990081787
1718042400,5.761600017547607
1718046000,5.764500141143799
1718049600,5.763700008392334
1718053200,5.763199806213379
1718056800,5.764500141143799
1718074800,5.765200138092041
1718085600,5.74970006942749
1718100000,5.750500202178955
1718103600,5.746399879455566
1718107200,5.741499900817871
1718110800,5.741300106048584
1718114400,5.731200218200684
1718118000,5.745500087738037
1718121600,5.754799842834473
1718125200,5.762899875640869
1718128800,5.755899906158447
1718132400,5.755799770355225
1718136000,5.760700225830078
1718139600,5.763599872589111
1718143200,5.757500171661377
1718146800,5.763199806213379
1718172000,5.741000175476074
1718186400,5.763299942016602
1718190000,5.7708001136779785
1718193600,5.7855000495910645
1718197200,5.867000102996826
1718200800,5.859499931335449
1718204400,5.845900058746338
1718208000,5.832399845123291
1718211600,5.821800231933594
1718215200,5.822299957275391
1718218800,5.838600158691406
1718222400,5.85129976272583
1718226000,5.8242998123168945
1718229600,5.823500156402588
1718247600,5.837299823760986
1718251200,5.837100028991699
1718272800,5.821499824523926
1718276400,5.807300090789795
1718280000,5.831099987030029
1718283600,5.833000183105469
1718287200,5.81879997253418
1718290800,5.78380012512207
1718294400,5.759500026702881
1718298000,5.769199848175049
1718301600,5.766600131988525
1718305200,5.764599800109863
1718308800,5.760000228881836
1718312400,5.7657999992370605
1718316000,5.765500068664551
1718330400,5.76170015335083
1718334000,5.761099815368652
1718337600,5.764599800109863
1718341200,5.764100074768066
1718344800,5.740699768066406
1718359200,5.743800163269043
1718362800,5.745200157165527
1718366400,5.724599838256836
1718370000,5.730800151824951
1718373600,5.722099781036377
1718377200,5.72730016708374
1718380800,5.746600151062012
1718384400,5.7565999031066895
1718388000,5.754499912261963
1718391600,5.760700225830078
1718395200,5.75439977645874
1718398800,5.756700038909912
1718589600,5.75439977645874
1718593200,5.752900123596191
1718618400,5.75540018081665
1718622000,5.756800174713135
1718625600,5.795000076293945
1718629200,5.794899940490723
1718632800,5.8043999671936035
1718636400,5.8084001541137695
1718640000,5.798399925231934
1718643600,5.805799961090088
1718647200,5.822000026702881
1718650800,5.820199966430664
1718654400,5.818399906158447
1718658000,5.820899963378906
1718661600,5.821599960327148
1718665200,5.82450008392334
1718668800,5.824999809265137
1718672400,5.820300102233887
1718676000,5.817599773406982
1718679600,5.817399978637695
1718690400,5.798999786376953
1718704800,5.811299800872803
1718708400,5.811699867248535
1718712000,5.823200225830078
1718715600,5.798799991607666
1718719200,5.8119001388549805
1718722800,5.803800106048584
1718726400,5.80679988861084
1718730000,5.810100078582764
1718733600,5.8246002197265625
1718737200,5.833399772644043
1718740800,5.836599826812744
1718744400,5.842899799346924
1718748000,5.824999809265137
1718762400,5.842899799346924
1718794800,5.842299938201904
1718798400,5.855999946594238
1718802000,5.875500202178955
1718805600,5.872900009155273
1718809200,5.871699810028076
1718812800,5.8790998458862305
1718816400,5.880199909210205
1718820000,5.861199855804443
1718823600,5.845300197601318
1718827200,5.839900016784668
1718830800,5.827199935913086
1718852400,5.825200080871582
1718863200,5.835400104522705
1718881200,5.8043999671936035
1718884800,5.795300006866455
1718888400,5.8028998374938965
1718892000,5.822000026702881
1718895600,5.831200122833252
1718899200,5.846700191497803
1718902800,5.832300186157227
1718906400,5.8302998542785645
1718910000,5.847300052642822
1718913600,5.831200122833252
1718917200,5.8379998207092285
1718920800,5.82480001449585
1718935200,5.844099998474121
1718964000,5.8144001960754395
1718967600,5.827600002288818
1718971200,5.8180999755859375
1718974800,5.804999828338623
1718978400,5.813300132751465
1718982000,5.832799911499023
1718985600,5.815800189971924
1718989200,5.818600177764893
1718992800,5.826399803161621
1718996400,5.81790018081665
1719000000,5.807000160217285
1719003600,5.805699825286865
1719190800,5.803800106048584
1719194400,5.805500030517578
1719208800,5.809899806976318
1719223200,5.843800067901611
1719226800,5.849100112915039
1719230400,5.815400123596191
1719234000,5.776000022888184
1719237600,5.785900115966797
1719241200,5.799799919128418
1719244800,5.786399841308594
1719248400,5.7804999351501465
1719252000,5.7870001792907715
1719255600,5.787799835205078
1719259200,5.785600185394287
1719262800,5.787600040435791
1719266400,5.78849983215332
1719280800,5.789599895477295
1719309600,5.782700061798096
1719313200,5.774799823760986
1719316800,5.800300121307373
1719320400,5.810999870300293
1719324000,5.8130998611450195
1719327600,5.821599960327148
1719331200,5.832200050354004
1719334800,5.832200050354004
1719338400,5.8404998779296875
1719342000,5.8454999923706055
1719345600,5.840099811553955
1719349200,5.845099925994873
1719352800,5.8454999923706055
1719363600,5.846499919891357
1719367200,5.843999862670898
1719392400,5.804100036621094
1719396000,5.823699951171875
1719399600,5.826300144195557
1719403200,5.876299858093262
1719406800,5.883800029754639
1719410400,5.877699851989746
1719414000,5.883800029754639
1719417600,5.891900062561035
1719421200,5.885700225830078
1719424800,5.8958001136779785
1719428400,5.893400192260742
1719432000,5.896500110626221
1719435600,5.894899845123291
1719439200,5.898399829864502
1719450000,5.899499893188477
1719453600,5.903600215911865
1719457200,5.9039998054504395
1719482400,5.902500152587891
1719486000,5.902500152587891
1719489600,5.890500068664551
1719493200,5.909200191497803
1719496800,5.915299892425537
1719500400,5.919600009918213
1719504000,5.917399883270264
1719507600,5.900599956512451
1719511200,5.895500183105469
1719514800,5.89109992980957
1719518400,5.8881001472473145
1719522000,5.894100189208984
1719525600,5.893700122833252
1719532800,5.895100116729736
1719536400,5.8805999755859375
1719540000,5.882599830627441
1719547200,5.878200054168701
1719554400,5.889999866485596
1719568800,5.894800186157227
1719572400,5.891200065612793
1719576000,5.920100212097168
1719579600,5.962100028991699
1719583200,5.954500198364258
1719586800,5.947999954223633
1719590400,5.970200061798096
1719594000,5.971199989318848
1719597600,5.981800079345703
1719601200,5.98859977722168
1719604800,5.992599964141846
1719608400,5.996500015258789
1719802800,6.0152997970581055
1719806400,6.006700038909912
1719813600,6.014800071716309
1719828000,6.00540018081665
1719831600,6.005199909210205
1719835200,6.008200168609619
1719838800,5.996799945831299
1719842400,5.993299961090088
1719846000,5.9928998947143555
1719849600,6.013899803161621
1719853200,6.013800144195557
1719856800,6.038000106811523
1719860400,6.068900108337402
1719864000,6.0767998695373535
1719867600,6.074699878692627
1719871200,6.073200225830078
1719889200,6.069399833679199
1719900000,6.027299880981445
1719914400,6.029200077056885
1719918000,6.069699764251709
1719921600,6.063000202178955
1719925200,6.077300071716309
1719928800,6.081699848175049
1719932400,6.096399784088135
1719936000,6.113800048828125
1719939600,6.1203999519348145
1719943200,6.095699787139893
1719946800,6.088099956512451
1719950400,6.099400043487549
1719954000,6.099999904632568
1719957600,6.1016998291015625
1719961200,6.101200103759766
1719964800,6.101600170135498
1719968400,6.098299980163574
1719986400,6.090000152587891
1720000800,6.107500076293945
1720004400,6.105400085449219
1720008000,6.057499885559082
1720011600,6.028900146484375
1720015200,6.020400047302246
1720018800,6.0157999992370605
1720022400,5.981100082397461
1720026000,5.995999813079834
1720029600,5.991099834442139
1720033200,6.005799770355225
1720036800,5.990300178527832
1720040400,5.995699882507324
1720044000,5.996399879455566
1720058400,5.99459981918335
1720062000,5.993899822235107
1720072800,5.9903998374938965
1720076400,5.991399765014648
1720080000,5.992499828338623
1720087200,5.999199867248535
1720094400,5.9028000831604
1720098000,5.912600040435791
1720101600,5.934500217437744
1720105200,5.9405999183654785
1720108800,5.939899921417236
1720112400,5.9278998374938965
1720116000,5.936100006103516
1720119600,5.9309000968933105
1720123200,5.931099891662598
1720126800,5.935500144958496
1720130400,5.934800148010254
1720148400,5.940000057220459
1720155600,5.941100120544434
1720159200,5.931700229644775
1720173600,5.943999767303467
1720177200,5.940899848937988
1720180800,5.950200080871582
1720184400,5.978799819946289
1720188000,5.94350004196167
1720191600,5.933300018310547
1720195200,5.934199810028076
1720198800,5.918700218200684
1720202400,5.91540002822876
1720206000,5.918399810791016
1720209600,5.917900085449219
1720213200,5.91480016708374
1720396800,5.907599925994873
1720400400,5.9120001792907715
1720404000,5.911499977111816
1720407600,5.91349983215332
1720418400,5.899099826812744
1720432800,5.916600227355957
1720436400,5.911900043487549
1720440000,5.938199996948242
1720443600,5.954100131988525
1720447200,5.938000202178955
1720450800,5.91379976272583
1720454400,5.916500091552734
1720458000,5.92080020904541
1720461600,5.928100109100342
1720465200,5.922399997711182
1720468800,5.918499946594238
1720472400,5.922500133514404
1720476000,5.92579984664917
1720479600,5.92549991607666
1720494000,5.924300193786621
1720504800,5.915299892425537
1720519200,5.925099849700928
1720522800,5.921500205993652
1720526400,5.897799968719482
1720530000,5.883399963378906
1720533600,5.881800174713135
1720537200,5.874599933624268
1720540800,5.862100124359131
1720544400,5.857100009918213
1720548000,5.8557000160217285
1720551600,5.857699871063232
1720555200,5.863900184631348
1720558800,5.8607001304626465
1720562400,5.856800079345703
1720573200,5.860199928283691
1720591200,5.848700046539307
1720605600,5.861599922180176
1720609200,5.868100166320801
1720612800,5.8196001052856445
1720616400,5.843800067901611
1720620000,5.8414998054504395
1720623600,5.847400188446045
1720627200,5.8649001121521
1720630800,5.863699913024902
1720634400,5.855800151824951
1720638000,5.861499786376953
1720641600,5.864699840545654
1720645200,5.865200042724609
1720648800,5.867000102996826
1720666800,5.869500160217285
1720670400,5.869699954986572
1720677600,5.846199989318848
1720692000,5.866000175476074
1720695600,5.8703999519348145
1720699200,5.881400108337402
1720702800,5.882299900054932
1720706400,5.896200180053711
1720710000,5.899099826812744
1720713600,5.915900230407715
1720717200,5.909900188446045
1720720800,5.9079999923706055
1720724400,5.911600112915039
1720728000,5.912700176239014
1720731600,5.911499977111816
1720735200,5.911300182342529
1720742400,5.909800052642822
1720746000,5.907299995422363
1720749600,5.910900115966797
1720753200,5.910799980163574
1720764000,5.895299911499023
1720771200,5.906300067901611
1720774800,5.906899929046631
1720778400,5.922100067138672
1720782000,5.922299861907959
1720785600,5.903800010681152
1720789200,5.94980001449585
1720792800,5.955599784851074
1720796400,5.945199966430664
1720800000,5.9309000968933105
1720803600,5.92110013961792
1720807200,5.921899795532227
1720810800,5.921899795532227
1720814400,5.921199798583984
1720818000,5.921599864959717
1721001600,5.9105000495910645
1721023200,5.897799968719482
1721037600,5.92579984664917
1721041200,5.920300006866455
1721044800,5.968500137329102
1721048400,5.96560001373291
1721052000,5.95359992980957
1721055600,5.932799816131592
1721059200,5.941699981689453
1721062800,5.940199851989746
1721066400,5.928899765014648
1721070000,5.9303998947143555
1721073600,5.93179988861084
1721077200,5.935800075531006
1721080800,5.935100078582764
1721095200,5.9328999519348145
1721098800,5.933800220489502
1721102400,5.9268999099731445
1721106000,5.924300193786621
1721109600,5.932400226593018
1721113200,5.932400226593018
1721124000,5.93149995803833
1721127600,5.9394001960754395
1721131200,5.9166998863220215
1721134800,5.889599800109863
1721138400,5.892199993133545
1721142000,5.938600063323975
1721145600,5.934899806976318
1721149200,5.917300224304199
1721152800,5.9156999588012695
1721156400,5.917399883270264
1721160000,5.915500164031982
1721163600,5.916299819946289
1721167200,5.915800094604492
1721178000,5.913400173187256
1721181600,5.915200233459473
1721185200,5.914700031280518
1721196000,5.899700164794922
1721199600,5.903500080108643
1721203200,5.9054999351501465
1721210400,5.939499855041504
1721214000,5.938499927520752
1721217600,5.966899871826172
1721221200,5.971700191497803
1721224800,5.970699787139893
1721228400,5.986199855804443
1721232000,5.992000102996826
1721235600,5.986299991607666
1721239200,5.999000072479248
1721242800,5.995800018310547
1721246400,5.995800018310547
1721250000,6.005199909210205
1721253600,5.9969000816345215
1721268000,6.003499984741211
1721271600,6.003799915313721
1721282400,5.975900173187256
1721296800,5.992000102996826
1721300400,5.992099761962891
1721304000,6.045599937438965
1721307600,6.039400100708008
1721311200,6.052299976348877
1721314800,6.0447998046875
1721318400,6.070499897003174
1721322000,6.07289981842041
1721325600,6.0746002197265625
1721329200,6.088099956512451
1721332800,6.035200119018555
1721336400,6.04010009765625
1721340000,6.045000076293945
1721354400,6.039700031280518
1721358000,6.039700031280518
1721368800,6.05079984664917
1721379600,6.047500133514404
1721383200,6.05049991607666
1721386800,6.038099765777588
1721390400,6.0391998291015625
1721394000,6.032700061798096
1721397600,6.043799877166748
1721401200,6.048399925231934
1721404800,6.07420015335083
1721408400,6.068900108337402
1721412000,6.090400218963623
1721415600,6.095399856567383
1721419200,6.091400146484375
1721422800,6.101399898529053
1721602800,6.115900039672852
1721628000,6.072400093078613
1721642400,6.095799922943115
1721646000,6.093500137329102
1721649600,6.065899848937988
1721653200,6.052199840545654
1721656800,6.045000076293945
1721660400,6.036399841308594
1721664000,6.038300037384033
1721667600,6.048099994659424
1721671200,6.067500114440918
1721674800,6.0640997886657715
1721678400,6.07480001449585
1721682000,6.062600135803223
1721685600,6.063499927520752
1721689200,6.066400051116943
1721700000,6.066800117492676
1721703600,6.067699909210205
1721714400,6.0395002365112305
1721728800,6.048099994659424
1721732400,6.051799774169922
1721736000,6.0671000480651855
1721739600,6.07289981842041
1721743200,6.037199974060059
1721746800,6.047399997711182
1721750400,6.0569000244140625
1721754000,6.07390022277832
1721757600,6.069699764251709
1721761200,6.060400009155273
1721764800,6.059100151062012
1721768400,6.064899921417236
1721772000,6.06279993057251
1721775600,6.06279993057251
1721790000,6.059199810028076
1721800800,6.042699813842773
1721815200,6.065999984741211
1721818800,6.06790018081665
1721822400,6.109000205993652
1721826000,6.118599891662598
1721829600,6.098100185394287
1721833200,6.11329984664917
1721836800,6.101200103759766
1721840400,6.111499786376953
1721844000,6.129899978637695
1721847600,6.1315999031066895
1721851200,6.127699851989746
1721854800,6.130300045013428
1721858400,6.132599830627441
1721862000,6.129199981689453
1721865600,6.130300045013428
1721869200,6.12939977645874
1721872800,6.130000114440918
1721887200,6.1066999435424805
1721901600,6.135799884796143
1721905200,6.135200023651123
1721908800,6.114799976348877
1721912400,6.120500087738037
1721916000,6.124199867248535
1721919600,6.110899925231934
1721923200,6.105400085449219
1721926800,6.116399765014648
1721930400,6.127999782562256
1721934000,6.126299858093262
1721937600,6.121799945831299
1721941200,6.126200199127197
1721944800,6.122700214385986
1721959200,6.127699851989746
1721962800,6.127600193023682
1721973600,6.108799934387207
1721988000,6.131899833679199
1721991600,6.130099773406982
1721995200,6.111000061035156
1721998800,6.127399921417236
1722002400,6.134399890899658
1722006000,6.137400150299072
1722009600,6.145899772644043
1722013200,6.156599998474121
1722016800,6.1519999504089355
1722020400,6.144100189208984
1722024000,6.150100231170654
1722027600,6.1479997634887695
1722218400,6.156700134277344
1722232800,6.127799987792969
1722247200,6.139200210571289
1722250800,6.129799842834473
1722254400,6.105999946594238
1722258000,6.103700160980225
1722261600,6.119999885559082
1722265200,6.11899995803833
1722268800,6.101399898529053
1722272400,6.092299938201904
1722276000,6.0945000648498535
1722279600,6.087299823760986
1722283200,6.077899932861328
1722286800,6.077700138092041
1722290400,6.096099853515625
1722294000,6.077300071716309
1722297600,6.07450008392334
1722301200,6.073699951171875
1722312000,6.0782999992370605
1722319200,6.070899963378906
1722322800,6.068600177764893
1722326400,6.0742998123168945
1722337200,6.099100112915039
1722340800,6.107999801635742
1722344400,6.1128997802734375
1722348000,6.091800212860107
1722351600,6.109300136566162
1722355200,6.107800006866455
1722358800,6.08489990234375
1722362400,6.0792999267578125
1722366000,6.073699951171875
1722369600,6.068299770355225
1722373200,6.0690999031066895
1722376800,6.069200038909912
1722387600,6.073599815368652
1722391200,6.0746002197265625
1722405600,6.0802001953125
1722412800,6.073999881744385
1722420000,6.091400146484375
1722423600,6.089600086212158
1722427200,6.147900104522705
1722430800,6.125800132751465
1722434400,6.111400127410889
1722438000,6.125800132751465
1722441600,6.1066999435424805
1722445200,6.112299919128418
1722448800,6.091700077056885
1722452400,6.125400066375732
1722456000,6.116700172424316
1722459600,6.127099990844727
1722477600,6.125999927520752
1722481200,6.130300045013428
1722484800,6.103300094604492
1722492000,6.093599796295166
1722506400,6.075500011444092
1722510000,6.0777997970581055
1722513600,6.120999813079834
1722517200,6.098400115966797
1722520800,6.11299991607666
1722524400,6.146200180053711
1722528000,6.172599792480469
1722531600,6.1717000007629395
1722535200,6.189599990844727
1722538800,6.188199996948242
1722542400,6.200900077819824
1722546000,6.191699981689453
1722549600,6.190700054168701
1722556800,6.208199977874756
1722560400,6.207699775695801
1722578400,6.187699794769287
1722582000,6.187099933624268
1722592800,6.206999778747559
1722596400,6.216000080108643
1722600000,6.262700080871582
1722603600,6.242599964141846
1722607200,6.270299911499023
1722610800,6.259099960327148
1722614400,6.238800048828125
1722618000,6.239799976348877
1722621600,6.250699996948242
1722625200,6.231200218200684
1722628800,6.244500160217285
1722632400,6.247900009155273
1722819600,6.256400108337402
1722823200,6.253499984741211
1722830400,6.26609992980957
1722837600,6.237400054931641
1722852000,6.265399932861328
1722855600,6.27269983291626
1722859200,6.355500221252441
1722862800,6.365799903869629
1722866400,6.3379998207092285
1722870000,6.303400039672852
1722873600,6.301300048828125
1722877200,6.267499923706055
1722880800,6.276000022888184
1722884400,6.286200046539307
1722888000,6.266900062561035
1722891600,6.269700050354004
1722895200,6.283899784088135
1722906000,6.270500183105469
1722909600,6.269100189208984
1722924000,6.263999938964844
1722938400,6.255499839782715
1722942000,6.2571001052856445
1722945600,6.188899993896484
1722949200,6.183599948883057
1722952800,6.186699867248535
1722956400,6.169899940490723
1722960000,6.166900157928467
1722963600,6.168499946594238
1722967200,6.169600009918213
1722970800,6.184199810028076
1722974400,6.188199996948242
1722978000,6.181700229644775
1722981600,6.170000076293945
1722988800,6.18120002746582
1722999600,6.173900127410889
1723010400,6.151299953460693
1723024800,6.163400173187256
1723028400,6.167600154876709
1723032000,6.138400077819824
1723035600,6.117599964141846
1723039200,6.135000228881836
1723042800,6.116600036621094
1723046400,6.129300117492676
1723050000,6.131100177764893
1723053600,6.143700122833252
1723057200,6.145899772644043
1723060800,6.149499893188477
1723064400,6.158199787139893
1723068000,6.159200191497803
1723071600,6.152100086212158
1723082400,6.1641998291015625
1723086000,6.163099765777588
1723096800,6.146100044250488
1723107600,6.137400150299072
1723111200,6.149499893188477
1723114800,6.156400203704834
1723118400,6.156899929046631
1723122000,6.125500202178955
1723125600,6.119200229644775
1723129200,6.111400127410889
1723132800,6.095099925994873
1723136400,6.093999862670898
1723140000,6.076300144195557
1723143600,6.0833001136779785
1723147200,6.054299831390381
1723150800,6.055099964141846
1723154400,6.055600166320801
1723165200,6.056300163269043
1723183200,6.0731000900268555
1723197600,6.079400062561035
1723201200,6.078000068664551
1723204800,6.008699893951416
1723208400,6.035799980163574
1723212000,6.001800060272217
1723215600,6.01609992980957
1723219200,6.014200210571289
1723222800,6.0117998123168945
1723226400,6.014500141143799
1723230000,6.0208001136779785
1723233600,6.011099815368652
1723237200,6.009900093078613
1723428000,6.012400150299072
1723431600,6.0096001625061035
1723442400,6.002299785614014
1723456800,6.0177998542785645
1723460400,6.015999794006348
1723464000,5.995100021362305
1723467600,5.993800163269043
1723471200,5.9959001541137695
1723474800,6.018499851226807
1723478400,6.001699924468994
1723482000,6.019599914550781
1723485600,6.010799884796143
1723489200,6.009799957275391
1723492800,6.006800174713135
1723496400,6.005099773406982
1723500000,6.014400005340576
1723503600,6.006899833679199
1723507200,6.004300117492676
1723510800,6.006400108337402
1723514400,6.00600004196167
1723528800,6.0005998611450195
1723536000,5.99429988861084
1723539600,5.995800018310547
1723543200,6.009099960327148
1723546800,6.013899803161621
1723550400,6.004499912261963
1723554000,6.020599842071533
1723557600,6.0106000900268555
1723561200,6.010799884796143
1723564800,6.003499984741211
1723568400,5.997099876403809
1723572000,6.002399921417236
1723575600,5.990600109100342
1723579200,5.998899936676025
1723582800,5.998300075531006
1723586400,5.997399806976318
1723590000,5.998899936676025
1723593600,5.998499870300293
1723600800,5.997700214385986
1723604400,5.997000217437744
1723615200,5.985799789428711
1723618800,5.98960018157959
1723629600,6.013299942016602
1723633200,6.012499809265137
1723636800,5.990300178527832
1723640400,6.01669979095459
1723644000,6.001800060272217
1723647600,6.01609992980957
1723651200,6.03439998626709
1723654800,6.03000020980835
1723658400,6.022799968719482
1723662000,6.021399974822998
1723665600,6.026000022888184
1723669200,6.023200035095215
1723672800,6.02239990234375
1723687200,6.019100189208984
1723690800,6.020899772644043
1723694400,6.020899772644043
1723701600,6.0055999755859375
1723716000,6.023200035095215
1723719600,6.020500183105469
1723723200,5.985400199890137
1723726800,5.984499931335449
1723730400,6.0117998123168945
1723734000,5.994100093841553
1723737600,5.9980998039245605
1723741200,6.009300231933594
1723744800,6.018700122833252
1723748400,6.016600131988525
1723752000,6.015500068664551
1723755600,6.016600131988525
1723759200,6.017399787902832
1723777200,6.020400047302246
1723788000,6.0046000480651855
1723802400,6.028600215911865
1723806000,6.026400089263916
1723809600,5.980500221252441
1723813200,5.999800205230713
1723816800,6.0183000564575195
1723820400,6.023099899291992
1723824000,6.018700122833252
1723827600,6.024499893188477
1723831200,6.026800155639648
1723834800,6.029399871826172
1723838400,6.036600112915039
1723842000,6.037099838256836
1724032800,6.035799980163574
1724036400,6.038599967956543
1724047200,6.0229997634887695
1724061600,6.036200046539307
1724065200,6.039299964904785
1724068800,6.027200222015381
1724072400,5.995200157165527
1724076000,5.986499786376953
1724079600,5.981200218200684
1724083200,5.9847002029418945
1724086800,5.963699817657471
1724090400,5.988900184631348
1724094000,5.999300003051758
1724097600,5.998899936676025
1724101200,5.990600109100342
1724104800,5.992400169372559
1724108400,5.993500232696533
1724112000,5.993000030517578
1724119200,5.988100051879883
1724122800,5.98829984664917
1724133600,5.969600200653076
1724140800,5.9704999923706055
1724148000,5.98799991607666
1724151600,5.990799903869629
1724155200,6.044899940490723
1724158800,6.042500019073486
1724162400,6.070300102233887
1724166000,6.077199935913086
1724169600,6.089399814605713
1724173200,6.101799964904785
1724176800,6.098700046539307
1724180400,6.097700119018555
1724184000,6.093599796295166
1724187600,6.106400012969971
1724191200,6.106299877166748
1724194800,6.097099781036377
1724198400,6.105299949645996
1724205600,6.093900203704834
1724209200,6.093500137329102
1724212800,6.092700004577637
1724216400,6.092899799346924
1724220000,6.080399990081787
1724223600,6.07859992980957
1724227200,6.081500053405762
1724234400,6.103499889373779
1724238000,6.097899913787842
1724241600,6.092599868774414
1724245200,6.075300216674805
1724248800,6.091700077056885
1724252400,6.102200031280518
1724256000,6.123199939727783
1724259600,6.13640022277832
1724263200,6.112199783325195
1724266800,6.112800121307373
1724270400,6.120699882507324
1724274000,6.105100154876709
1724277600,6.107800006866455
1724284800,6.114200115203857
1724292000,6.110199928283691
1724295600,6.111599922180176
1724299200,6.1107001304626465
1724302800,6.1107001304626465
1724306400,6.105599880218506
1724320800,6.0991997718811035
1724324400,6.106400012969971
1724328000,6.170499801635742
1724331600,6.160099983215332
1724335200,6.171500205993652
1724338800,6.185200214385986
1724342400,6.187900066375732
1724346000,6.19189977645874
1724349600,6.208499908447266
1724353200,6.206399917602539
1724356800,6.203800201416016
1724360400,6.213500022888184
1724364000,6.215000152587891
1724367600,6.21619987487793
1724374800,6.222499847412109
1724378400,6.220799922943115
1724382000,6.2210001945495605
1724385600,6.217299938201904
1724392800,6.199100017547607
1724407200,6.213900089263916
1724410800,6.214700222015381
1724414400,6.188799858093262
1724418000,6.17519998550415
1724421600,6.152400016784668
1724425200,6.15939998626709
1724428800,6.136300086975098
1724432400,6.146999835968018
1724436000,6.133299827575684
1724439600,6.130199909210205
1724443200,6.139400005340576
1724446800,6.140399932861328
1724626800,6.137800216674805
1724637600,6.136099815368652
1724641200,6.134799957275391
1724666400,6.125
1724670000,6.125199794769287
1724673600,6.11929988861084
1724677200,6.121200084686279
1724680800,6.141600131988525
1724684400,6.138500213623047
1724688000,6.131400108337402
1724691600,6.1230998039245605
1724695200,6.121399879455566
1724698800,6.1244001388549805
1724702400,6.132599830627441
1724706000,6.121500015258789
1724709600,6.122200012207031
1724720400,6.138299942016602
1724724000,6.137199878692627
1724727600,6.137800216674805
1724731200,6.125500202178955
1724734800,6.124100208282471
1724738400,6.098899841308594
1724742000,6.103499889373779
1724752800,6.125500202178955
1724756400,6.137199878692627
1724760000,6.11899995803833
1724763600,6.136499881744385
1724767200,6.135000228881836
1724770800,6.1479997634887695
1724774400,6.144100189208984
1724778000,6.150700092315674
1724781600,6.152299880981445
1724785200,6.15369987487793
1724788800,6.161499977111816
1724792400,6.161200046539307
1724796000,6.150100231170654
1724814000,6.150300025939941
1724839200,6.118500232696533
1724842800,6.124000072479248
1724846400,6.152299880981445
1724850000,6.142499923706055
1724853600,6.151700019836426
1724857200,6.160200119018555
1724860800,6.15749979019165
1724864400,6.155799865722656
1724868000,6.169000148773193
1724871600,6.174699783325195
1724875200,6.190800189971924
1724878800,6.185100078582764
1724882400,6.187699794769287
1724889600,6.1921000480651855
1724893200,6.190999984741211
1724896800,6.1921000480651855
1724900400,6.192200183868408
1724925600,6.156400203704834
1724929200,6.15880012512207
1724932800,6.2067999839782715
1724936400,6.246699810028076
1724940000,6.24370002746582
1724943600,6.247799873352051
1724947200,6.243899822235107
1724950800,6.231100082397461
1724954400,6.2270002365112305
1724958000,6.224899768829346
1724961600,6.234399795532227
1724965200,6.236700057983398
1724968800,6.227200031280518
1724976000,6.23799991607666
1724979600,6.233500003814697
1724983200,6.232999801635742
1724997600,6.229700088500977
1725012000,6.230000019073486
1725015600,6.231299877166748
1725019200,6.25570011138916
1725022800,6.274400234222412
1725026400,6.272799968719482
1725030000,6.217899799346924
1725033600,6.239500045776367
1725037200,6.253300189971924
1725040800,6.243299961090088
1725044400,6.229300022125244
1725048000,6.193399906158447
1725051600,6.198800086975098
1725055200,6.200399875640869
1725231600,6.199100017547607
1725246000,6.203800201416016
1725271200,6.246500015258789
1725278400,6.229400157928467
1725282000,6.246099948883057
1725285600,6.242700099945068
1725289200,6.222599983215332
1725292800,6.21589994430542
1725296400,6.210999965667725
1725300000,6.222300052642822
1725303600,6.214399814605713
1725307200,6.2210001945495605
1725310800,6.217400074005127
1725314400,6.215400218963623
1725318000,6.2144999504089355
1725328800,6.213099956512451
1725332400,6.21019983291626
1725343200,6.210999965667725
1725357600,6.205399990081787
1725361200,6.20550012588501
1725364800,6.169600009918213
1725368400,6.219799995422363
1725372000,6.223299980163574
1725375600,6.236700057983398
1725379200,6.2256999015808105
1725382800,6.220900058746338
1725386400,6.226099967956543
1725390000,6.228799819946289
1725393600,6.234600067138672
1725397200,6.230599880218506
1725400800,6.230299949645996
1725411600,6.242800235748291
1725418800,6.244500160217285
1725429600,6.224400043487549
1725444000,6.235300064086914
1725447600,6.236000061035156
1725451200,6.219900131225586
1725454800,6.227499961853027
1725458400,6.2347002029418945
1725462000,6.248300075531006
1725465600,6.250699996948242
1725469200,6.234300136566162
1725472800,6.239200115203857
1725476400,6.246600151062012
1725480000,6.252900123596191
1725483600,6.241700172424316
1725487200,6.242199897766113
1725490800,6.254899978637695
1725508800,6.250699996948242
1725516000,6.232699871063232
1725530400,6.248899936676025
1725534000,6.247900009155273
1725537600,6.235799789428711
1725541200,6.221799850463867
1725544800,6.212900161743164
1725548400,6.208399772644043
1725552000,6.193999767303467
1725555600,6.201300144195557
1725559200,6.1956000328063965
1725562800,6.185200214385986
1725566400,6.192500114440918
1725570000,6.19789981842041
1725573600,6.185800075531006
1725577200,6.186399936676025
1725584400,6.187300205230713
1725588000,6.186999797821045
1725591600,6.188199996948242
1725595200,6.189899921417236
1725602400,6.19189977645874
1725616800,6.197000026702881
1725620400,6.189799785614014
1725624000,6.165900230407715
1725627600,6.1585001945495605
1725631200,6.199699878692627
1725634800,6.1946001052856445
1725638400,6.192299842834473
1725642000,6.1890997886657715
1725645600,6.196300029754639
1725649200,6.198699951171875
1725652800,6.196400165557861
1725656400,6.202700138092041
1725836400,6.207399845123291
1725840000,6.207699775695801
1725843600,6.204899787902832
1725847200,6.2042999267578125
1725850800,6.203999996185303
1725854400,6.203199863433838
1725861600,6.174099922180176
1725876000,6.172399997711182
1725879600,6.179200172424316
1725883200,6.217599868774414
1725886800,6.204899787902832
1725890400,6.185400009155273
1725894000,6.1855998039245605
1725897600,6.180200099945068
1725901200,6.168000221252441
1725904800,6.166200160980225
1725908400,6.159299850463867
1725912000,6.162300109863281
1725915600,6.162199974060059
1725919200,6.162099838256836
1725930000,6.161099910736084
1725933600,6.159900188446045
1725937200,6.163000106811523
1725948000,6.155600070953369
1725962400,6.1641998291015625
1725966000,6.159599781036377
1725969600,6.1743998527526855
1725973200,6.186500072479248
1725976800,6.206099987030029
1725980400,6.223999977111816
1725984000,6.229300022125244
1725987600,6.237299919128418
1725991200,6.232600212097168
1725994800,6.238900184631348
1725998400,6.237800121307373
1726002000,6.240499973297119
1726005600,6.229400157928467
1726012800,6.241099834442139
1726023600,6.251500129699707
1726027200,6.251399993896484
1726034400,6.230000019073486
1726048800,6.243000030517578
1726052400,6.249899864196777
1726056000,6.204899787902832
1726059600,6.204699993133545
1726063200,6.237100124359131
1726066800,6.2221999168396
1726070400,6.2154998779296875
1726074000,6.222599983215332
1726077600,6.222099781036377
1726081200,6.222099781036377
1726084800,6.23330020904541
1726088400,6.242400169372559
1726092000,6.217400074005127
1726102800,6.241600036621094
1726106400,6.240499973297119
1726110000,6.242000102996826
1726135200,6.221099853515625
1726138800,6.236000061035156
1726142400,6.219399929046631
1726146000,6.240300178527832
1726149600,6.259500026702881
1726153200,6.237299919128418
1726156800,6.232100009918213
1726160400,6.232699871063232
1726164000,6.223400115966797
1726167600,6.218299865722656
1726171200,6.228300094604492
1726174800,6.231599807739258
1726178400,6.230500221252441
1726182000,6.231800079345703
1726189200,6.235499858856201
1726192800,6.238500118255615
1726207200,6.219699859619141
1726221600,6.239999771118164
1726225200,6.236800193786621
1726228800,6.214700222015381
1726232400,6.178699970245361
1726236000,6.150100231170654
1726239600,6.152299880981445
1726243200,6.147799968719482
1726246800,6.153500080108643
1726250400,6.16510009765625
1726254000,6.163599967956543
1726257600,6.162300109863281
1726261200,6.161900043487549
1726441200,6.166200160980225
1726448400,6.1682000160217285
1726452000,6.167500019073486
1726466400,6.1717000007629395
1726473600,6.174699783325195
1726480800,6.194300174713135
1726484400,6.193399906158447
1726488000,6.201900005340576
1726491600,6.133200168609619
1726495200,6.121399879455566
1726498800,6.132699966430664
1726502400,6.138299942016602
1726506000,6.124800205230713
1726509600,6.132400035858154
1726513200,6.132299900054932
1726516800,6.133999824523926
1726520400,6.127500057220459
1726524000,6.12529993057251
1726527600,6.124800205230713
1726552800,6.1178998947143555
1726567200,6.141900062561035
1726570800,6.130799770355225
1726574400,6.124499797821045
1726578000,6.115699768066406
1726581600,6.12470006942749
1726585200,6.1149001121521
1726588800,6.11359977722168
1726592400,6.104300022125244
1726596000,6.0960001945495605
1726599600,6.095900058746338
1726603200,6.0929999351501465
1726606800,6.093800067901611
1726610400,6.0929999351501465
1726617600,6.1006999015808105
1726621200,6.101200103759766
1726624800,6.100200176239014
1726628400,6.10099983215332
1726639200,6.072299957275391
1726646400,6.081299781799316
1726650000,6.084099769592285
1726653600,6.105199813842773
1726657200,6.099299907684326
1726660800,6.107600212097168
1726664400,6.089799880981445
1726668000,6.078700065612793
1726671600,6.093699932098389
1726675200,6.10099983215332
1726678800,6.095399856567383
1726682400,6.060500144958496
1726686000,6.062399864196777
1726689600,6.071000099182129
1726693200,6.0721001625061035
1726696800,6.07480001449585
1726700400,6.074399948120117
1726714800,6.071499824523926
1726718400,6.072299957275391
1726725600,6.035099983215332
1726732800,6.047699928283691
1726736400,6.053999900817871
1726740000,6.0721001625061035
1726743600,6.092800140380859
1726747200,6.046899795532227
1726750800,6.034800052642822
1726754400,6.037600040435791
1726758000,6.030799865722656
1726761600,6.041399955749512
1726765200,6.0507001876831055
1726768800,6.057400226593018
1726772400,6.054599761962891
1726776000,6.052700042724609
1726779600,6.052599906921387
1726783200,6.0518999099731445
1726790400,6.051400184631348
1726801200,6.054999828338623
1726812000,6.040599822998047
1726815600,6.03380012512207
1726819200,6.03439998626709
1726822800,6.032400131225586
1726826400,6.051799774169922
1726830000,6.054599761962891
1726833600,6.075500011444092
1726837200,6.1097002029418945
1726840800,6.119900226593018
1726844400,6.121399879455566
1726848000,6.155300140380859
1726851600,6.143799781799316
1726855200,6.157700061798096
1726858800,6.1616997718811035
1726862400,6.15749979019165
1726866000,6.155799865722656
1727056800,6.150599956512451
1727071200,6.131800174713135
1727082000,6.104499816894531
1727085600,6.127500057220459
1727089200,6.135799884796143
1727092800,6.180699825286865
1727096400,6.173399925231934
1727100000,6.162499904632568
1727103600,6.160799980163574
1727107200,6.161799907684326
1727110800,6.152400016784668
1727114400,6.149099826812744
1727118000,6.1479997634887695
1727121600,6.13070011138916
1727125200,6.131999969482422
1727128800,6.131899833679199
1727132400,6.131400108337402
1727136000,6.127999782562256
1727139600,6.129499912261963
1727143200,6.127999782562256
1727146800,6.132199764251709
1727150400,6.134799957275391
1727154000,6.1346001625061035
1727157600,6.110199928283691
1727161200,6.116700172424316
1727164800,6.123700141906738
1727168400,6.122200012207031
1727172000,6.1407999992370605
1727175600,6.162199974060059
1727179200,6.097400188446045
1727182800,6.075399875640869
1727186400,6.091700077056885
1727190000,6.090099811553955
1727193600,6.086599826812744
1727197200,6.091400146484375
1727200800,6.0894999504089355
1727204400,6.102099895477295
1727208000,6.098400115966797
1727211600,6.097700119018555
1727215200,6.102499961853027
1727218800,6.103499889373779
1727222400,6.104499816894531
1727226000,6.102099895477295
1727229600,6.1057000160217285
1727233200,6.107600212097168
1727236800,6.106599807739258
1727240400,6.106299877166748
1727244000,6.079899787902832
1727247600,6.077499866485596
1727251200,6.0756001472473145
1727254800,6.073400020599365
1727258400,6.10260009765625
1727262000,6.10699987411499
1727265600,6.124899864196777
1727269200,6.1296000480651855
1727272800,6.128699779510498
1727276400,6.108399868011475
1727280000,6.0995001792907715
1727283600,6.090700149536133
1727287200,6.100900173187256
1727290800,6.09089994430542
1727294400,6.09689998626709
1727298000,6.094299793243408
1727301600,6.098400115966797
1727316000,6.098400115966797
1727319600,6.098599910736084
1727330400,6.083199977874756
1727344800,6.1072998046875
1727348400,6.10890007019043
1727352000,6.0578999519348145
1727355600,6.061999797821045
1727359200,6.069699764251709
1727362800,6.073800086975098
1727366400,6.07420015335083
1727370000,6.076200008392334
1727373600,6.080999851226807
1727377200,6.081399917602539
1727380800,6.074999809265137
1727384400,6.077700138092041
1727388000,6.077600002288818
1727402400,6.073699951171875
1727406000,6.074999809265137
1727413200,6.070199966430664
1727416800,6.036499977111816
1727431200,6.0721001625061035
1727434800,6.071400165557861
1727438400,6.1020002365112305
1727442000,6.091800212860107
1727445600,6.07420015335083
1727449200,6.058199882507324
1727452800,6.0630998611450195
1727456400,6.065199851989746
1727460000,6.066500186920166
1727463600,6.067800045013428
1727467200,6.063799858093262
1727470800,6.065800189971924
1727665200,6.062900066375732
1727668800,6.064599990844727
1727672400,6.067699909210205
1727676000,6.0671000480651855
1727694000,6.08459997177124
1727697600,6.071400165557861
1727701200,6.1016998291015625
1727704800,6.075300216674805
1727708400,6.07390022277832
1727712000,6.067200183868408
1727715600,6.0802998542785645
1727719200,6.06790018081665
1727722800,6.065499782562256
1727726400,6.067699909210205
1727730000,6.06820011138916
1727733600,6.071599960327148
1727751600,6.069200038909912
1727755200,6.069300174713135
1727762400,6.067399978637695
1727776800,6.042900085449219
1727780400,6.0381999015808105
1727784000,6.017199993133545
1727787600,6.049799919128418
1727791200,6.053299903869629
1727794800,6.028200149536133
1727798400,6.0355000495910645
1727802000,6.039100170135498
1727805600,6.0441999435424805
1727809200,6.040200233459473
1727812800,6.025400161743164
1727816400,6.004700183868408
1727820000,6.004199981689453
1727823600,6.003399848937988
1727834400,6.00540018081665
1727848800,6.034599781036377
1727866800,6.046500205993652
1727870400,5.9868998527526855
1727874000,6.003900051116943
1727877600,5.99560022354126
1727881200,6.007699966430664
1727884800,6.009300231933594
1727888400,6.008999824523926
1727892000,6.010900020599365
1727895600,6.01140022277832
1727899200,6.011000156402588
1727902800,6.011099815368652
1727906400,6.014200210571289
1727910000,6.010799884796143
1727917200,6.006499767303467
1727920800,6.0055999755859375
1727935200,6.007400035858154
1727949600,6.009200096130371
1727953200,6.009200096130371
1727956800,6.036099910736084
1727960400,6.045899868011475
1727964000,6.05109977722168
1727967600,6.0457000732421875
1727971200,6.046599864959717
1727974800,6.049799919128418
1727978400,6.0279998779296875
1727982000,6.036200046539307
1727985600,6.0391998291015625
1727989200,6.042699813842773
1727992800,6.0304999351501465
1728003600,6.042900085449219
1728021600,6.023600101470947
1728036000,6.027500152587891
1728039600,6.03000020980835
1728043200,6.034599781036377
1728046800,6.0055999755859375
1728050400,5.98799991607666
1728054000,5.983799934387207
1728057600,5.9857001304626465
1728061200,5.990200042724609
1728064800,5.99459981918335
1728068400,5.988500118255615
1728072000,5.98859977722168
1728075600,5.985199928283691
1728259200,5.985199928283691
1728262800,5.985199928283691
1728280800,5.985099792480469
1728295200,5.9918999671936035
1728298800,5.997300148010254
1728302400,5.968900203704834
1728306000,5.992700099945068
1728309600,6.010000228881836
1728313200,6.021100044250488
1728316800,6.018700122833252
1728320400,6.020500183105469
1728324000,6.024099826812744
1728327600,6.017300128936768
1728331200,6.024199962615967
1728334800,6.03249979019165
1728338400,6.023600101470947
1728345600,6.036200046539307
1728349200,6.037399768829346
1728352800,6.035399913787842
1728356400,6.037899971008301
1728367200,6.020299911499023
1728381600,6.031199932098389
1728385200,6.02839994430542
1728388800,6.046500205993652
1728392400,6.052499771118164
1728396000,6.0619001388549805
1728399600,6.066500186920166
1728403200,6.063899993896484
1728406800,6.064700126647949
1728410400,6.065199851989746
1728414000,6.071700096130371
1728417600,6.0767998695373535
1728421200,6.076499938964844
1728424800,6.068999767303467
1728432000,6.075200080871582
1728439200,6.072299957275391
1728442800,6.071400165557861
1728453600,6.049600124359131
1728468000,6.063300132751465
1728471600,6.0630998611450195
1728475200,6.09689998626709
1728478800,6.104100227355957
1728482400,6.109499931335449
1728486000,6.113100051879883
1728489600,6.118100166320801
1728493200,6.1128997802734375
1728496800,6.118199825286865
1728500400,6.109499931335449
1728504000,6.11899995803833
1728507600,6.124100208282471
1728511200,6.118899822235107
1728514800,6.12060022354126
1728518400,6.120699882507324
1728522000,6.121500015258789
1728525600,6.121600151062012
1728540000,6.106900215148926
1728554400,6.115900039672852
1728558000,6.115600109100342
1728561600,6.116499900817871
1728565200,6.113999843597412
1728568800,6.099699974060059
1728572400,6.099699974060059
1728576000,6.0971999168396
1728579600,6.094399929046631
1728583200,6.095200061798096
1728586800,6.101799964904785
1728590400,6.105199813842773
1728594000,6.104899883270264
1728597600,6.103899955749512
1728601200,6.1041998863220215
1728608400,6.102700233459473
1728615600,6.107399940490723
1728626400,6.09119987487793
1728640800,6.105899810791016
1728644400,6.102200031280518
1728648000,6.114999771118164
1728651600,6.17579984664917
1728655200,6.173900127410889
1728658800,6.1656999588012695
1728662400,6.169600009918213
1728666000,6.157100200653076
1728669600,6.156400203704834
1728673200,6.140999794006348
1728676800,6.138000011444092
1728680400,6.13070011138916
1728864000,6.128399848937988
1728867600,6.1296000480651855
1728871200,6.130199909210205
1728874800,6.132500171661377
1728878400,6.129799842834473
1728885600,6.135700225830078
1728900000,6.150100231170654
1728903600,6.142300128936768
1728907200,6.146999835968018
1728910800,6.116300106048584
1728914400,6.1107001304626465
1728918000,6.090099811553955
1728921600,6.0802998542785645
1728925200,6.0767998695373535
1728928800,6.077000141143799
1728932400,6.08620023727417
1728936000,6.100599765777588
1728939600,6.1041998863220215
1728943200,6.104800224304199
1728946800,6.104700088500977
1728950400,6.1031999588012695
1728954000,6.1041998863220215
1728957600,6.10099983215332
1728961200,6.097599983215332
1728986400,6.084700107574463
1728990000,6.098999977111816
1728993600,6.1305999755859375
1728997200,6.149899959564209
1729000800,6.155300140380859
1729004400,6.152400016784668
1729008000,6.161300182342529
1729011600,6.151100158691406
1729015200,6.1554999351501465
1729018800,6.160600185394287
1729022400,6.155300140380859
1729026000,6.15749979019165
1729029600,6.1605000495910645
1729033200,6.154799938201904
1729040400,6.1545000076293945
1729044000,6.157800197601318
1729051200,6.155399799346924
1729054800,6.154799938201904
1729058400,6.138500213623047
1729072800,6.161499977111816
1729076400,6.164899826049805
1729080000,6.191999912261963
1729083600,6.190700054168701
1729087200,6.165900230407715
1729090800,6.154200077056885
1729094400,6.15369987487793
1729098000,6.137800216674805
1729101600,6.148499965667725
1729105200,6.1493000984191895
1729108800,6.151700019836426
1729112400,6.1585001945495605
1729116000,6.149899959564209
1729126800,6.157700061798096
1729130400,6.157899856567383
1729134000,6.152599811553955
1729137600,6.152599811553955
1729144800,6.128200054168701
1729159200,6.151899814605713
1729162800,6.152900218963623
1729166400,6.156400203704834
1729170000,6.143199920654297
1729173600,6.142000198364258
1729177200,6.152500152587891
1729180800,6.142399787902832
1729184400,6.139900207519531
1729188000,6.13640022277832
1729191600,6.1269001960754395
1729195200,6.125400066375732
1729198800,6.14109992980957
1729202400,6.122200012207031
1729231200,6.130799770355225
1729245600,6.147500038146973
1729249200,6.1493000984191895
1729252800,6.133699893951416
1729256400,6.1504998207092285
1729260000,6.159800052642822
1729263600,6.166900157928467
1729267200,6.172999858856201
1729270800,6.178100109100342
1729274400,6.18310022354126
1729278000,6.189700126647949
1729281600,6.186600208282471
1729285200,6.188000202178955
1729490400,6.155700206756592
1729501200,6.156700134277344
1729504800,6.169600009918213
1729508400,6.177000045776367
1729512000,6.214300155639648
1729515600,6.193999767303467
1729519200,6.179599761962891
1729522800,6.169400215148926
1729526400,6.170300006866455
1729530000,6.163400173187256
1729533600,6.167600154876709
1729537200,6.1554999351501465
1729540800,6.15880012512207
1729544400,6.153500080108643
1729548000,6.167399883270264
1729558800,6.155399799346924
1729562400,6.155200004577637
1729576800,6.153900146484375
1729591200,6.172999858856201
1729594800,6.158199787139893
1729598400,6.172900199890137
1729602000,6.154300212860107
1729605600,6.152200222015381
1729609200,6.149700164794922
1729612800,6.144400119781494
1729616400,6.159599781036377
1729620000,6.15939998626709
1729623600,6.150400161743164
1729627200,6.145199775695801
1729630800,6.158100128173828
1729634400,6.157199859619141
1729648800,6.150199890136719
1729652400,6.149199962615967
1729656000,6.1483001708984375
1729663200,6.134500026702881
1729677600,6.147500038146973
1729681200,6.142899990081787
1729684800,6.167399883270264
1729688400,6.162399768829346
1729692000,6.171899795532227
1729695600,6.1528000831604
1729699200,6.151500225067139
1729702800,6.143199920654297
1729706400,6.138299942016602
1729710000,6.13670015335083
1729713600,6.132500171661377
1729717200,6.13129997253418
1729720800,6.130300045013428
1729728000,6.138500213623047
1729731600,6.1367998123168945
1729738800,6.137499809265137
1729749600,6.113399982452393
1729753200,6.119999885559082
1729756800,6.122099876403809
1729764000,6.145299911499023
1729767600,6.140200138092041
1729771200,6.15939998626709
1729774800,6.168499946594238
1729778400,6.157800197601318
1729782000,6.163400173187256
1729785600,6.1732001304626465
1729789200,6.156599998474121
1729792800,6.156700134277344
1729796400,6.1346001625061035
1729800000,6.133800029754639
1729803600,6.134699821472168
1729807200,6.1579999923706055
1729810800,6.131999969482422
1729814400,6.154699802398682
1729818000,6.132199764251709
1729821600,6.132400035858154
1729836000,6.126699924468994
1729850400,6.156899929046631
1729854000,6.155300140380859
1729857600,6.162300109863281
1729861200,6.168600082397461
1729864800,6.168799877166748
1729868400,6.165200233459473
1729872000,6.155300140380859
1729875600,6.168799877166748
1729879200,6.163099765777588
1729882800,6.161499977111816
1729886400,6.161300182342529
1729890000,6.160799980163574
1730073600,6.161099910736084
1730077200,6.160999774932861
1730080800,6.155799865722656
1730084400,6.157400131225586
1730109600,6.171199798583984
1730113200,6.174099922180176
1730116800,6.159900188446045
1730120400,6.1620001792907715
1730124000,6.172500133514404
1730127600,6.172299861907959
1730131200,6.1697001457214355
1730134800,6.158599853515625
1730138400,6.165599822998047
1730142000,6.17519998550415
1730145600,6.1717000007629395
1730149200,6.164599895477295
1730152800,6.16349983215332
1730196000,6.162300109863281
1730199600,6.164000034332275
1730203200,6.173399925231934
1730206800,6.162799835205078
1730210400,6.162600040435791
1730214000,6.180600166320801
1730217600,6.20550012588501
1730221200,6.216599941253662
1730224800,6.229100227355957
1730228400,6.229400157928467
1730232000,6.232600212097168
1730235600,6.225200176239014
1730239200,6.226200103759766
1730253600,6.2347002029418945
1730282400,6.238500118255615
1730286000,6.236700057983398
1730289600,6.249599933624268
1730293200,6.260300159454346
1730296800,6.259799957275391
1730300400,6.274600028991699
1730304000,6.277599811553955
1730307600,6.267499923706055
1730311200,6.263599872589111
1730314800,6.258999824523926
1730318400,6.256800174713135
1730322000,6.240499973297119
1730325600,6.260799884796143
1730343600,6.2581000328063965
1730347200,6.254499912261963
1730365200,6.2403998374938965
1730376000,6.2729997634887695
1730379600,6.273799896240234
1730383200,6.276400089263916
1730386800,6.282800197601318
1730390400,6.282400131225586
1730394000,6.2729997634887695
1730397600,6.279699802398682
1730401200,6.287199974060059
1730404800,6.298399925231934
1730408400,6.304299831390381
1730412000,6.286900043487549
1730430000,6.300000190734863
1730433600,6.30079984664917
1730444400,6.279200077056885
1730455200,6.271599769592285
1730458800,6.2804999351501465
1730462400,6.277400016784668
1730466000,6.30210018157959
1730469600,6.318900108337402
1730473200,6.323299884796143
1730476800,6.324100017547607
1730480400,6.337900161743164
1730484000,6.361000061035156
1730487600,6.362299919128418
1730491200,6.357900142669678
1730494800,6.359600067138672
1730498400,6.356500148773193
1730682000,6.388400077819824
1730685600,6.388800144195557
1730692800,6.3942999839782715
1730696400,6.393099784851074
1730703600,6.382199764251709
1730710800,6.386199951171875
1730718000,6.40369987487793
1730721600,6.327099800109863
1730725200,6.325900077819824
1730728800,6.2967000007629395
1730732400,6.283400058746338
1730736000,6.281499862670898
1730739600,6.2846999168396
1730743200,6.279399871826172
1730746800,6.290200233459473
1730750400,6.290599822998047
1730754000,6.299099922180176
1730757600,6.273799896240234
1730761200,6.297100067138672
1730772000,6.299200057983398
1730775600,6.299600124359131
1730779200,6.297599792480469
1730790000,6.270699977874756
1730804400,6.287700176239014
1730808000,6.304699897766113
1730811600,6.303800106048584
1730815200,6.308300018310547
1730818800,6.314300060272217
1730822400,6.302199840545654
1730826000,6.287399768829346
1730829600,6.285799980163574
1730833200,6.2804999351501465
1730836800,6.274799823760986
1730840400,6.285399913787842
1730844000,6.283999919891357
1730847600,6.280600070953369
1730862000,6.17549991607666
1730865600,6.196800231933594
1730876400,6.160999774932861
1730890800,6.158899784088135
1730894400,6.211100101470947
1730898000,6.186600208282471
1730901600,6.189300060272217
1730908800,6.120299816131592
1730912400,6.1072998046875
1730916000,6.115900039672852
1730919600,6.09119987487793
1730923200,6.093800067901611
1730926800,6.09630012512207
1730930400,6.092899799346924
1730934000,6.0945000648498535
1730948400,6.097899913787842
1730952000,6.097899913787842
1730955600,6.105299949645996
1730959200,6.105599880218506
1730962800,6.09630012512207
1730977200,6.1143999099731445
1730980800,6.135799884796143
1730984400,6.0894999504089355
1730988000,6.116700172424316
1730991600,6.134900093078613
1730995200,6.152699947357178
1730998800,6.172299861907959
1731002400,6.13640022277832
1731006000,6.121500015258789
1731009600,6.151000022888184
1731013200,6.150700092315674
1731016800,6.149600028991699
1731020400,6.146299839019775
1731031200,6.136499881744385
1731034800,6.135000228881836
1731038400,6.1367998123168945
1731049200,6.119500160217285
1731063600,6.137599945068359
1731067200,6.193699836730957
1731070800,6.190499782562256
1731074400,6.201900005340576
1731078000,6.2170000076293945
1731081600,6.197199821472168
1731085200,6.177999973297119
1731088800,6.167699813842773
1731092400,6.145199775695801
1731096000,6.146699905395508
1731099600,6.150300025939941
1731103200,6.1504998207092285
1731290400,6.152599811553955
1731294000,6.150100231170654
1731297600,6.146299839019775
1731301200,6.147500038146973
1731308400,6.14769983291626
1731322800,6.148399829864502
1731326400,6.190499782562256
1731330000,6.169600009918213
1731333600,6.155300140380859
1731337200,6.1616997718811035
1731340800,6.145299911499023
1731344400,6.143499851226807
1731348000,6.144000053405762
1731351600,6.148399829864502
1731355200,6.128699779510498
1731358800,6.132400035858154
1731362400,6.1468000411987305
1731366000,6.147200107574463
1731373200,6.12939977645874
1731376800,6.125999927520752
1731384000,6.124300003051758
1731387600,6.124499797821045
1731394800,6.119200229644775
1731409200,6.125899791717529
1731412800,6.117800235748291
1731416400,6.1392998695373535
1731420000,6.126200199127197
1731423600,6.131700038909912
1731427200,6.122700214385986
1731430800,6.142000198364258
1731434400,6.114799976348877
1731438000,6.1230998039245605
1731441600,6.114099979400635
1731445200,6.107699871063232
1731448800,6.120299816131592
1731452400,6.119500160217285
1731481200,6.094900131225586
1731495600,6.122600078582764
1731499200,6.112599849700928
1731502800,6.11329984664917
1731506400,6.121799945831299
1731510000,6.147600173950195
1731513600,6.140600204467773
1731517200,6.137400150299072
1731520800,6.138299942016602
1731524400,6.123199939727783
1731528000,6.120100021362305
1731531600,6.133699893951416
1731535200,6.1371002197265625
1731538800,6.132999897003174
1731542400,6.133699893951416
1731553200,6.124199867248535
1731556800,6.125100135803223
1731560400,6.124499797821045
1731564000,6.1234002113342285
1731567600,6.122700214385986
1731585600,6.124100208282471
1731589200,6.091800212860107
1731592800,6.110400199890137
1731596400,6.111999988555908
1731600000,6.098499774932861
1731603600,6.1020002365112305
1731607200,6.100200176239014
1731610800,6.104700088500977
1731614400,6.098599910736084
1731618000,6.094299793243408
1731621600,6.089799880981445
1731625200,6.08620023727417
1731646800,6.101099967956543
1731654000,6.088500022888184
1731668400,6.12939977645874
1731672000,6.127999782562256
1731675600,6.103400230407715
1731679200,6.0991997718811035
1731682800,6.103799819946289
1731686400,6.112199783325195
1731690000,6.115300178527832
1731700800,6.100100040435791
1731704400,6.103899955749512
1731708000,6.10830020904541
1731906000,6.106400012969971
1731927600,6.095200061798096
1731931200,6.104899883270264
1731934800,6.096399784088135
1731938400,6.073999881744385
1731942000,6.071400165557861
1731945600,6.080100059509277
1731949200,6.080999851226807
1731952800,6.083099842071533
1731956400,6.086299896240234
1731960000,6.090400218963623
1731963600,6.090700149536133
1731967200,6.080999851226807
1731970800,6.089799880981445
1731974400,6.087699890136719
1731978000,6.088099956512451
1731981600,6.0879998207092285
1731985200,6.090400218963623
1731988800,6.085400104522705
1731992400,6.083799839019775
1732014000,6.06220006942749
1732017600,6.100200176239014
1732021200,6.100500106811523
1732024800,6.103799819946289
1732028400,6.114999771118164
1732032000,6.100800037384033
1732035600,6.107399940490723
1732039200,6.1153998374938965
1732042800,6.1066999435424805
1732046400,6.113100051879883
1732050000,6.113100051879883
1732053600,6.118500232696533
1732057200,6.120999813079834
1732075200,6.111700057983398
1732078800,6.111000061035156
1732086000,6.091700077056885
1732093200,6.078100204467773
1732100400,6.09499979019165
1732104000,6.117800235748291
1732107600,6.095699787139893
1732111200,6.078100204467773
1732114800,6.081500053405762
1732122000,6.080699920654297
1732132800,6.0833001136779785
1732136400,6.088699817657471
1732140000,6.088200092315674
1732143600,6.0894999504089355
1732165200,6.088699817657471
1732172400,6.066100120544434
1732186800,6.0756001472473145
1732190400,6.1209001541137695
1732194000,6.130499839782715
1732197600,6.126299858093262
1732201200,6.115600109100342
1732204800,6.104800224304199
1732208400,6.09250020980835
1732212000,6.094900131225586
1732215600,6.094099998474121
1732219200,6.092899799346924
1732222800,6.089900016784668
1732226400,6.089200019836426
1732230000,6.088900089263916
1732233600,6.088099956512451
1732240800,6.088200092315674
1732244400,6.090199947357178
1732248000,6.090199947357178
1732251600,6.08519983291626
1732258800,6.076499938964844
1732273200,6.059800148010254
1732276800,6.029300212860107
1732280400,6.071899890899658
1732284000,6.065499782562256
1732287600,6.044099807739258
1732291200,6.033100128173828
1732294800,6.062900066375732
1732298400,6.0518999099731445
1732302000,6.050899982452393
1732305600,6.048600196838379
1732309200,6.042300224304199
1732312800,6.0553998947143555
1732492800,6.07889986038208
1732496400,6.076200008392334
1732500000,6.080900192260742
1732503600,6.075799942016602
1732507200,6.076600074768066
1732510800,6.076900005340576
1732514400,6.075099945068359
1732518000,6.054699897766113
1732532400,6.091899871826172
1732536000,6.084700107574463
1732539600,6.102799892425537
1732543200,6.086999893188477
1732546800,6.101900100708008
1732550400,6.089200019836426
1732554000,6.093200206756592
1732557600,6.101799964904785
1732561200,6.092700004577637
1732564800,6.095900058746338
1732568400,6.085100173950195
1732572000,6.094900131225586
1732575600,6.095300197601318
1732590000,6.069799900054932
1732597200,6.077400207519531
1732604400,6.0625
1732615200,6.084799766540527
1732618800,6.105599880218506
1732622400,6.089399814605713
1732626000,6.099400043487549
1732629600,6.09250020980835
1732633200,6.082900047302246
1732636800,6.087500095367432
1732640400,6.089799880981445
1732644000,6.0725998878479
1732647600,6.084499835968018
1732651200,6.089000225067139
1732654800,6.092599868774414
1732658400,6.0920000076293945
1732662000,6.093400001525879
1732665600,6.093599796295166
1732669200,6.092700004577637
1732680000,6.088399887084961
1732683600,6.087600231170654
1732705200,6.110799789428711
1732708800,6.132900238037109
1732712400,6.150899887084961
1732716000,6.14109992980957
1732719600,6.172599792480469
1732723200,6.209799766540527
1732726800,6.223999977111816
1732730400,6.253399848937988
1732734000,6.24560022354126
1732737600,6.265900135040283
1732741200,6.274499893188477
1732744800,6.2758002281188965
1732748400,6.271599769592285
1732752000,6.270999908447266
1732759200,6.268899917602539
1732766400,6.266600131988525
1732770000,6.268400192260742
1732791600,6.24370002746582
1732795200,6.293799877166748
1732798800,6.298799991607666
1732802400,6.311999797821045
1732806000,6.318999767303467
1732809600,6.327400207519531
1732813200,6.316199779510498
1732816800,6.316999912261963
1732820400,6.320199966430664
1732824000,6.3480000495910645
1732827600,6.348800182342529
1732842000,6.350500106811523
1732845600,6.355500221252441
1732849200,6.3592000007629395
1732852800,6.35830020904541
1732863600,6.330100059509277
1732878000,6.339600086212158
1732881600,6.394800186157227
1732885200,6.436399936676025
1732888800,6.372499942779541
1732892400,6.308499813079834
1732896000,6.324900150299072
1732899600,6.355000019073486
1732903200,6.356599807739258
1732906800,6.343100070953369
1732910400,6.315999984741211
1732914000,6.3308000564575195
1733108400,6.327400207519531
1733122800,6.314700126647949
1733137200,6.325699806213379
1733140800,6.328000068664551
1733144400,6.376699924468994
1733148000,6.35830020904541
1733151600,6.359300136566162
1733155200,6.368000030517578
1733158800,6.34060001373291
1733162400,6.359799861907959
1733166000,6.356200218200684
1733169600,6.3709001541137695
1733173200,6.366199970245361
1733176800,6.3678998947143555
1733180400,6.367400169372559
1733205600,6.361000061035156
1733209200,6.363100051879883
1733223600,6.3850998878479
1733227200,6.381100177764893
1733230800,6.39300012588501
1733234400,6.396100044250488
1733238000,6.370200157165527
1733241600,6.376200199127197
1733245200,6.392899990081787
1733248800,6.3632001876831055
1733252400,6.360000133514404
1733256000,6.356299877166748
1733259600,6.352399826049805
1733263200,6.351200103759766
1733266800,6.353000164031982
1733277600,6.345600128173828
1733281200,6.342700004577637
1733284800,6.353700160980225
1733288400,6.353700160980225
1733295600,6.352399826049805
1733310000,6.354300022125244
1733313600,6.366199970245361
1733317200,6.349400043487549
1733320800,6.361000061035156
1733324400,6.3541998863220215
1733328000,6.346700191497803
1733331600,6.348800182342529
1733335200,6.351200103759766
1733338800,6.353400230407715
1733342400,6.350800037384033
1733346000,6.349800109863281
1733349600,6.35099983215332
1733353200,6.347899913787842
1733356800,6.352200031280518
1733360400,6.351200103759766
1733364000,6.354899883270264
1733371200,6.354899883270264
1733382000,6.350900173187256
1733396400,6.360499858856201
1733400000,6.322500228881836
1733403600,6.331900119781494
1733407200,6.307300090789795
1733410800,6.313300132751465
1733414400,6.310699939727783
1733418000,6.331500053405762
1733421600,6.333199977874756
1733425200,6.35860013961792
1733428800,6.354100227355957
1733432400,6.366199970245361
1733436000,6.346499919891357
1733439600,6.364799976348877
1733443200,6.361499786376953
1733454000,6.35830020904541
1733457600,6.357900142669678
1733461200,6.3572001457214355
1733482800,6.346799850463867
1733486400,6.349599838256836
1733490000,6.358699798583984
1733493600,6.394000053405762
1733497200,6.410399913787842
1733500800,6.413300037384033
1733504400,6.413099765777588
1733508000,6.420300006866455
1733511600,6.412499904632568
1733515200,6.428500175476074
1733518800,6.435100078582764
1733522400,6.435999870300293
1733702400,6.430200099945068
1733706000,6.42519998550415
1733709600,6.427000045776367
1733713200,6.417200088500977
1733716800,6.414999961853027
1733720400,6.415900230407715
1733724000,6.420899868011475
1733727600,6.432499885559082
1733731200,6.434100151062012
1733734800,6.433800220489502
1733738400,6.442599773406982
1733742000,6.4355998039245605
1733745600,6.398600101470947
1733749200,6.41480016708374
1733752800,6.395999908447266
1733756400,6.422900199890137
1733760000,6.411600112915039
1733763600,6.4232001304626465
1733767200,6.4253997802734375
1733770800,6.417300224304199
1733774400,6.418099880218506
1733778000,6.415200233459473
1733781600,6.415900230407715
1733785200,6.415500164031982
1733788800,6.412399768829346
1733792400,6.41480016708374
1733796000,6.416299819946289
1733799600,6.4141998291015625
1733803200,6.417699813842773
1733806800,6.417200088500977
1733810400,6.421899795532227
1733814000,6.399099826812744
1733828400,6.405900001525879
1733832000,6.371600151062012
1733835600,6.3592000007629395
1733839200,6.354300022125244
1733842800,6.354300022125244
1733846400,6.363900184631348
1733850000,6.369999885559082
1733853600,6.37939977645874
1733857200,6.363699913024902
1733860800,6.370100021362305
1733864400,6.378900051116943
1733868000,6.36460018157959
1733871600,6.381499767303467
1733875200,6.364799976348877
1733878800,6.368599891662598
1733882400,6.36929988861084
1733886000,6.364500045776367
1733889600,6.362199783325195
1733893200,6.361700057983398
1733900400,6.341000080108643
1733914800,6.365600109100342
1733918400,6.368599891662598
1733922000,6.344099998474121
1733925600,6.329599857330322
1733929200,6.336100101470947
1733932800,6.312099933624268
1733936400,6.3078999519348145
1733940000,6.310699939727783
1733943600,6.2571001052856445
1733947200,6.258200168609619
1733950800,6.249499797821045
1733954400,6.25
1733961600,6.254499912261963
1733972400,6.255300045013428
1733976000,6.256700038909912
1733979600,6.2555999755859375
1734001200,6.259300231933594
1734004800,6.182400226593018
1734008400,6.2027997970581055
1734012000,6.248000144958496
1734015600,6.287300109863281
1734019200,6.319300174713135
1734022800,6.3302998542785645
1734026400,6.3225998878479
1734030000,6.295300006866455
1734033600,6.276599884033203
1734037200,6.271599769592285
1734040800,6.27269983291626
1734044400,6.275000095367432
1734073200,6.291600227355957
1734091200,6.344399929046631
1734094800,6.323599815368652
1734098400,6.320199966430664
1734102000,6.340000152587891
1734105600,6.368100166320801
1734109200,6.332799911499023
1734112800,6.347499847412109
1734116400,6.32390022277832
1734120000,6.344600200653076
1734123600,6.349299907684326
1734127200,6.349100112915039
1734332400,6.33489990234375
1734346800,6.341000080108643
1734350400,6.351200103759766
1734354000,6.349299907684326
1734357600,6.349599838256836
1734361200,6.372300148010254
1734364800,6.363500118255615
1734368400,6.388000011444092
1734372000,6.392899990081787
1734375600,6.402100086212158
1734379200,6.446100234985352
1734382800,6.463699817657471
1734390000,6.4654998779296875
1734393600,6.465099811553955
1734397200,6.467899799346924
1734404400,6.462100028991699
1734408000,6.46150016784668
1734411600,6.387499809265137
1734415200,6.386499881744385
1734433200,6.378600120544434
1734436800,6.439300060272217
1734440400,6.460299968719482
1734444000,6.491399765014648
1734447600,6.464700222015381
1734451200,6.418600082397461
1734454800,6.404200077056885
1734458400,6.401000022888184
1734462000,6.389500141143799
1734465600,6.408599853515625
1734469200,6.404799938201904
1734472800,6.405600070953369
1734476400,6.406199932098389
1734480000,6.4085001945495605
1734483600,6.4085001945495605
1734490800,6.4096999168396
1734494400,6.412799835205078
1734498000,6.410799980163574
1734505200,6.383900165557861
1734519600,6.402500152587891
1734523200,6.435200214385986
1734526800,6.4567999839782715
1734530400,6.44920015335083
1734534000,6.473100185394287
1734537600,6.4756999015808105
1734541200,6.493800163269043
1734544800,6.518499851226807
1734548400,6.501800060272217
1734552000,6.526599884033203
1734555600,6.510499954223633
1734559200,6.51200008392334
1734566400,6.5243000984191895
1734570000,6.5258002281188965
1734577200,6.527400016784668
1734580800,6.527100086212158
1734591600,6.44320011138916
1734609600,6.509900093078613
1734613200,6.452400207519531
1734616800,6.393899917602539
1734620400,6.368599891662598
1734624000,6.358099937438965
1734627600,6.347400188446045
1734631200,6.336299896240234
1734634800,6.342800140380859
1734638400,6.3632001876831055
1734642000,6.375500202178955
1734656400,6.3765997886657715
1734660000,6.375899791717529
1734663600,6.376399993896484
1734667200,6.3744001388549805
1734678000,6.32450008392334
1734692400,6.384399890899658
1734696000,6.2982001304626465
1734699600,6.339200019836426
1734703200,6.318900108337402
1734706800,6.331299781799316
1734710400,6.341599941253662
1734714000,6.345600128173828
1734717600,6.314499855041504
1734721200,6.335299968719482
1734724800,6.343699932098389
1734728400,6.3454999923706055
1734912000,6.342400074005127
1734915600,6.339700222015381
1734919200,6.3480000495910645
1734922800,6.346799850463867
1734926400,6.349599838256836
1734930000,6.348199844360352
1734951600,6.289599895477295
1734955200,6.389999866485596
1734958800,6.396299839019775
1734962400,6.396699905395508
1734966000,6.411799907684326
1734969600,6.432400226593018
1734973200,6.434199810028076
1734976800,6.443999767303467
1734980400,6.438300132751465
1734984000,6.444300174713135
1734987600,6.445499897003174
1734991200,6.442699909210205
1734994800,6.44320011138916
1735009200,6.435200214385986
1735012800,6.439300060272217
1735023600,6.413700103759766
1735027200,6.421199798583984
1735038000,6.435800075531006
1735041600,6.440899848937988
1735045200,6.438600063323975
1735048800,6.439199924468994
1735052400,6.435400009155273
1735059600,6.431700229644775
1735063200,6.43310022354126
1735066800,6.433499813079834
1735074000,6.437099933624268
1735077600,6.436800003051758
1735214400,6.40749979019165
1735218000,6.420400142669678
1735221600,6.409999847412109
1735225200,6.403500080108643
1735228800,6.415299892425537
1735232400,6.421500205993652
1735236000,6.430799961090088
1735239600,6.438300132751465
1735243200,6.4390997886657715
1735246800,6.444200038909912
1735250400,6.442200183868408
1735254000,6.430699825286865
1735272000,6.433199882507324
1735275600,6.433300018310547
1735297200,6.436200141906738
1735300800,6.443999767303467
1735304400,6.477099895477295
1735308000,6.457200050354004
1735311600,6.4633002281188965
1735315200,6.470699787139893
1735318800,6.450200080871582
1735322400,6.468100070953369
1735326000,6.456500053405762
1735329600,6.4552001953125
1735333200,6.459700107574463
1735336800,6.466000080108643
1735520400,6.462699890136719
1735524000,6.459799766540527
1735527600,6.459700107574463
1735531200,6.459799766540527
1735542000,6.465700149536133
1735549200,6.460000038146973
1735560000,6.454899787902832
1735563600,6.408899784088135
1735567200,6.434599876403809
1735570800,6.460100173950195
1735574400,6.44350004196167
1735578000,6.421299934387207
1735581600,6.431700229644775
1735585200,6.422500133514404
1735588800,6.424699783325195
1735592400,6.431099891662598
1735596000,6.432400226593018
1735599600,6.432799816131592
1735603200,6.426700115203857
1735606800,6.4319000244140625
1735610400,6.432499885559082
1735614000,6.429900169372559
1735617600,6.428699970245361
1735628400,6.449100017547607
1735642800,6.439799785614014
1735646400,6.431700229644775
1735657200,6.4028000831604
1735660800,6.400199890136719
1735664400,6.398399829864502
1735671600,6.4054999351501465
1735682400,6.399899959564209
1735754400,6.404200077056885
1735768800,6.402400016784668
1735819200,6.412499904632568
1735822800,6.402400016784668
1735826400,6.390100002288818
1735830000,6.354400157928467
1735833600,6.311600208282471
1735837200,6.328800201416016
1735840800,6.312900066375732
1735844400,6.317399978637695
1735848000,6.311800003051758
1735851600,6.316100120544434
1735855200,6.322299957275391
1735858800,6.316699981689453
1735866000,6.32289981842041
1735869600,6.319300174713135
1735873200,6.319300174713135
1735876800,6.317500114440918
1735887600,6.341100215911865
1735902000,6.341899871826172
1735905600,6.371699810028076
1735909200,6.323599815368652
1735912800,6.3403000831604
1735916400,6.33519983291626
1735920000,6.352700233459473
1735923600,6.370800018310547
1735927200,6.365900039672852
1735930800,6.368299961090088
1735934400,6.372300148010254
1735938000,6.371300220489502
1735941600,6.371500015258789
1736128800,6.3769001960754395
1736139600,6.376399993896484
1736146800,6.388299942016602
1736161200,6.430300235748291
1736164800,6.372399806976318
1736168400,6.3597002029418945
1736172000,6.359000205993652
1736175600,6.3520002365112305
1736179200,6.3495001792907715
1736182800,6.352700233459473
1736186400,6.347499847412109
1736190000,6.348800182342529
1736193600,6.351500034332275
1736197200,6.353000164031982
1736200800,6.352700233459473
1736204400,6.3471999168396
1736218800,6.354700088500977
1736222400,6.354899883270264
1736233200,6.3684000968933105
1736247600,6.365900039672852
1736251200,6.337299823760986
1736254800,6.307400226593018
1736258400,6.309500217437744
1736262000,6.288400173187256
1736265600,6.285999774932861
1736269200,6.29610013961792
1736272800,6.31689977645874
1736276400,6.32390022277832
1736280000,6.313499927520752
1736283600,6.308300018310547
1736287200,6.309999942779541
1736290800,6.311500072479248
1736319600,6.307700157165527
1736326800,6.300000190734863
1736334000,6.285200119018555
1736337600,6.2967000007629395
1736341200,6.329699993133545
1736344800,6.307600021362305
1736348400,6.308800220489502
1736352000,6.317399978637695
1736355600,6.30709981918335
1736359200,6.311100006103516
1736362800,6.297100067138672
1736366400,6.302700042724609
1736370000,6.3003997802734375
1736373600,6.299600124359131
1736377200,6.3119001388549805
1736391600,6.296299934387207
1736406000,6.30079984664917
1736420400,6.302499771118164
1736424000,6.298699855804443
1736427600,6.299200057983398
1736431200,6.264900207519531
1736434800,6.251200199127197
1736438400,6.248700141906738
1736442000,6.252399921417236
1736445600,6.235799789428711
1736449200,6.222099781036377
1736452800,6.218800067901611
1736456400,6.2170000076293945
1736460000,6.2170000076293945
1736463600,6.234300136566162
1736478000,6.216599941253662
1736481600,6.216100215911865
1736492400,6.232500076293945
1736506800,6.237400054931641
1736510400,6.237199783325195
1736514000,6.263800144195557
1736517600,6.252099990844727
1736521200,6.262499809265137
1736524800,6.254700183868408
1736528400,6.254499912261963
1736532000,6.245500087738037
1736535600,6.248700141906738
1736539200,6.255899906158447
1736542800,6.248300075531006
1736546400,6.249300003051758
1736730000,6.2530999183654785
1736733600,6.252200126647949
1736737200,6.236000061035156
1736744400,6.23769998550415
1736766000,6.221399784088135
1736769600,6.21999979019165
1736773200,6.248600006103516
1736776800,6.236400127410889
1736780400,6.230199813842773
1736784000,6.235799789428711
1736787600,6.224800109863281
1736791200,6.221199989318848
1736794800,6.224100112915039
1736798400,6.231400012969971
1736802000,6.222499847412109
1736805600,6.260499954223633
1736809200,6.250500202178955
1736812800,6.24459981918335
1736823600,6.248700141906738
1736830800,6.243299961090088
1736834400,6.244800090789795
1736838000,6.237400054931641
1736852400,6.244800090789795
1736856000,6.232600212097168
1736859600,6.201000213623047
1736863200,6.222099781036377
1736866800,6.226200103759766
1736870400,6.227499961853027
1736874000,6.233500003814697
1736877600,6.231100082397461
1736881200,6.2241997718811035
1736884800,6.2382001876831055
1736888400,6.242499828338623
1736892000,6.242099761962891
1736895600,6.235000133514404
1736899200,6.2378997802734375
1736902800,6.238500118255615
1736910000,6.237100124359131
1736913600,6.23859977722168
1736917200,6.2393999099731445
1736924400,6.230400085449219
1736942400,6.237299919128418
1736946000,6.230400085449219
1736949600,6.2266998291015625
1736953200,6.222899913787842
1736956800,6.221199989318848
1736960400,6.208700180053711
1736964000,6.2006001472473145
1736967600,6.199999809265137
1736971200,6.189599990844727
1736974800,6.184199810028076
1736978400,6.188499927520752
1736982000,6.203999996185303
1736992800,6.184899806976318
1736996400,6.184199810028076
1737003600,6.182600021362305
1737010800,6.196100234985352
1737025200,6.202600002288818
1737028800,6.184199810028076
1737032400,6.216000080108643
1737036000,6.193699836730957
1737039600,6.207699775695801
1737043200,6.230299949645996
1737046800,6.238999843597412
1737050400,6.248799800872803
1737054000,6.23960018157959
1737057600,6.236299991607666
1737061200,6.248700141906738
1737064800,6.25
1737068400,6.249800205230713
1737072000,6.233699798583984
1737075600,6.235799789428711
1737079200,6.233099937438965
1737082800,6.233699798583984
1737086400,6.228499889373779
1737097200,6.228400230407715
1737108000,6.251299858093262
1737111600,6.238500118255615
1737115200,6.231200218200684
1737118800,6.25629997253418
1737122400,6.236400127410889
1737126000,6.217599868774414
1737129600,6.210400104522705
1737133200,6.22189998626709
1737136800,6.228000164031982
1737140400,6.231900215148926
1737144000,6.246099948883057
1737147600,6.223100185394287
1737151200,6.223700046539307
1737331200,6.2428998947143555
1737334800,6.246600151062012
1737338400,6.2459001541137695
1737345600,6.254700183868408
1737367200,6.250999927520752
1737374400,6.273099899291992
1737378000,6.285099983215332
1737381600,6.282100200653076
1737385200,6.285799980163574
1737388800,6.282299995422363
1737392400,6.280099868774414
1737396000,6.28000020980835
1737399600,6.294300079345703
1737403200,6.284800052642822
1737406800,6.293000221252441
1737410400,6.281799793243408
1737414000,6.2855000495910645
1737417600,6.289400100708008
1737424800,6.264999866485596
1737428400,6.265200138092041
1737432000,6.270100116729736
1737442800,6.257500171661377
1737453600,6.255300045013428
1737457200,6.256899833679199
1737460800,6.260300159454346
1737464400,6.282599925994873
1737468000,6.282299995422363
1737471600,6.271699905395508
1737475200,6.280700206756592
1737478800,6.289000034332275
1737482400,6.285200119018555
1737486000,6.286799907684326
1737489600,6.277699947357178
1737493200,6.281099796295166
1737496800,6.2795000076293945
1737500400,6.269499778747559
1737514800,6.269800186157227
1737518400,6.273399829864502
1737522000,6.269700050354004
1737529200,6.258399963378906
1737540000,6.298399925231934
1737543600,6.291200160980225
1737547200,6.264200210571289
1737550800,6.249199867248535
1737554400,6.190100193023682
1737558000,6.190700054168701
1737561600,6.171899795532227
1737565200,6.18149995803833
1737568800,6.177199840545654
1737572400,6.192699909210205
1737576000,6.186699867248535
1737579600,6.185200214385986
1737583200,6.186200141906738
1737586800,6.17080020904541
1737590400,6.184299945831299
1737594000,6.168799877166748
1737597600,6.168399810791016
1737601200,6.183300018310547
1737608400,6.18310022354126
1737615600,6.165800094604492
1737626400,6.177000045776367
1737630000,6.168399810791016
1737633600,6.202700138092041
1737637200,6.1890997886657715
1737640800,6.184899806976318
1737644400,6.154399871826172
1737648000,6.15910005569458
1737651600,6.139400005340576
1737655200,6.157700061798096
1737658800,6.175600051879883
1737662400,6.170400142669678
1737666000,6.170300006866455
1737669600,6.170199871063232
1737676800,6.172599792480469
1737691200,6.187699794769287
1737694800,6.189799785614014
1737712800,6.192699909210205
1737720000,6.179800033569336
1737723600,6.15369987487793
1737727200,6.176599979400635
1737730800,6.190299987792969
1737734400,6.182499885559082
1737738000,6.196100234985352
1737741600,6.196100234985352
1737745200,6.210000038146973
1737748800,6.207300186157227
1737752400,6.19290018081665
1737756000,6.193399906158447
1737936000,6.1905999183654785
1737946800,6.1859002113342285
1737950400,6.184800148010254
1737954000,6.184199810028076
1737979200,6.241199970245361
1737982800,6.221499919891357
1737986400,6.224100112915039
1737990000,6.230100154876709
1737993600,6.210700035095215
1737997200,6.199900150299072
1738000800,6.2006001472473145
1738004400,6.200500011444092
1738008000,6.190100193023682
1738011600,6.182300090789795
1738015200,6.182700157165527
1738018800,6.175600051879883
1738022400,6.154600143432617
1738026000,6.158299922943115
1738029600,6.14769983291626
1738033200,6.1508002281188965
1738036800,6.147900104522705
1738040400,6.150300025939941
1738047600,6.151500225067139
1738058400,6.168300151824951
1738065600,6.155900001525879
1738069200,6.162300109863281
1738072800,6.140500068664551
1738076400,6.124800205230713
1738080000,6.111499786376953
1738083600,6.12060022354126
1738087200,6.1149001121521
1738090800,6.124000072479248
1738094400,6.115499973297119
1738098000,6.109099864959717
1738101600,6.107999801635742
1738105200,6.10830020904541
1738108800,6.110000133514404
1738112400,6.110899925231934
1738126800,6.119800090789795
1738134000,6.086900234222412
1738141200,6.087100028991699
1738144800,6.100299835205078
1738152000,6.083000183105469
1738155600,6.110799789428711
1738159200,6.090799808502197
1738162800,6.111100196838379
1738166400,6.122799873352051
1738170000,6.123799800872803
1738173600,6.116099834442139
1738177200,6.110499858856201
1738180800,6.103600025177002
1738184400,6.102099895477295
1738188000,6.115699768066406
1738191600,6.116199970245361
1738198800,6.103300094604492
1738202400,6.1041998863220215
1738206000,6.1184000968933105
1738209600,6.101500034332275
1738213200,6.10230016708374
1738216800,6.103499889373779
1738220400,6.093400001525879
1738231200,6.108699798583984
1738234800,6.101099967956543
1738238400,6.150700092315674
1738242000,6.152599811553955
1738245600,6.150899887084961
1738249200,6.1381001472473145
1738252800,6.1417999267578125
1738256400,6.111400127410889
1738260000,6.111400127410889
1738263600,6.103099822998047
1738267200,6.116600036621094
1738270800,6.1041998863220215
1738274400,6.101500034332275
1738278000,6.1072998046875
1738292400,6.10099983215332
1738299600,6.1020002365112305
1738303200,6.102799892425537
1738306800,6.101500034332275
1738317600,6.089900016784668
1738321200,6.084799766540527
1738324800,6.087200164794922
1738328400,6.033899784088135
1738332000,6.032100200653076
1738335600,6.077099800109863
1738339200,6.066299915313721
1738342800,6.079899787902832
1738346400,6.056700229644775
1738350000,6.054500102996826
1738353600,6.061500072479248
1738357200,6.048600196838379
1738360800,6.048699855804443
1738540800,5.9770002365112305
1738551600,5.972799777984619
1738555200,5.974299907684326
1738566000,5.971499919891357
1738569600,5.982100009918213
1738573200,5.986400127410889
1738576800,5.981500148773193
1738580400,5.986599922180176
1738584000,6.009500026702881
1738587600,6.032899856567383
1738591200,6.045899868011475
1738594800,6.007500171661377
1738598400,5.991799831390381
1738602000,5.994200229644775
1738605600,5.9822998046875
1738609200,5.979800224304199
1738612800,5.978899955749512
1738616400,6.01609992980957
1738620000,6.0183000564575195
1738623600,6.013299942016602
1738630800,5.9928998947143555
1738638000,5.989200115203857
1738641600,5.985300064086914
1738652400,6.002699851989746
1738656000,6.0005998611450195
1738659600,6.003200054168701
1738663200,6.012400150299072
1738670400,5.996200084686279
1738674000,6.00629997253418
1738677600,5.998799800872803
1738681200,5.980299949645996
1738684800,5.978600025177002
1738688400,5.986400127410889
1738692000,5.99459981918335
1738695600,5.98960018157959
1738699200,5.979499816894531
1738702800,5.971799850463867
1738706400,5.9770002365112305
1738710000,5.973100185394287
1738724400,5.976500034332275
1738728000,5.975200176239014
1738738800,6.008399963378906
1738749600,6.01800012588501
1738753200,6.014500141143799
1738756800,6.026800155639648
1738760400,6.038000106811523
1738764000,6.041999816894531
1738767600,6.04580020904541
1738771200,6.039899826049805
1738774800,6.013000011444092
1738778400,6.0295000076293945
1738782000,6.0295000076293945
1738785600,6.039899826049805
1738789200,6.019899845123291
1738792800,6.03849983215332
1738796400,6.020100116729736
1738803600,6.037899971008301
1738807200,6.0329999923706055
1738810800,6.031300067901611
1738814400,6.028299808502197
1738818000,6.029799938201904
1738825200,6.008600234985352
1738836000,5.998000144958496
1738839600,6.01609992980957
1738843200,6.01200008392334
1738846800,5.996699810028076
1738850400,5.988100051879883
1738854000,5.986199855804443
1738857600,5.986199855804443
1738861200,5.97599983215332
1738864800,5.978700160980225
1738868400,5.986599922180176
1738872000,5.985899925231934
1738875600,5.981900215148926
1738879200,5.982800006866455
1738882800,5.975599765777588
1738890000,5.982900142669678
1738908000,5.978499889373779
1738911600,5.979100227355957
1738922400,5.977499961853027
1738926000,5.981299877166748
1738929600,5.987800121307373
1738933200,5.953700065612793
1738936800,5.967299938201904
1738940400,5.961900234222412
1738944000,5.973100185394287
1738947600,5.962600231170654
1738951200,5.991700172424316
1738954800,5.982900142669678
1738958400,5.9984002113342285
1738962000,5.98769998550415
1738965600,5.995999813079834
1739145600,5.98859977722168
1739149200,5.9882001876831055
1739152800,5.98199987411499
1739160000,5.991199970245361
1739170800,5.978799819946289
1739188800,5.978799819946289
1739192400,5.966100215911865
1739196000,5.967100143432617
1739199600,5.955599784851074
1739203200,5.956699848175049
1739206800,5.9608001708984375
1739210400,5.957799911499023
1739214000,5.9608001708984375
1739217600,5.966599941253662
1739221200,5.964600086212158
1739224800,5.957399845123291
1739228400,5.96120023727417
1739232000,5.961599826812744
1739242800,5.960100173950195
1739246400,5.9633002281188965
1739250000,5.963500022888184
1739257200,5.953199863433838
1739268000,5.966899871826172
1739275200,5.9807000160217285
1739278800,5.973299980163574
1739282400,5.964300155639648
1739286000,5.960400104522705
1739289600,5.963699817657471
1739293200,5.967599868774414
1739296800,5.965700149536133
1739300400,5.971499919891357
1739304000,5.976200103759766
1739307600,5.97130012512207
1739311200,5.972899913787842
1739314800,5.975399971008301
1739322000,5.972400188446045
1739325600,5.974800109863281
1739329200,5.973599910736084
1739332800,5.973499774932861
1739340000,5.972300052642822
1739343600,5.981299877166748
1739354400,5.982900142669678
1739361600,5.982900142669678
1739365200,5.962399959564209
1739368800,5.962100028991699
1739372400,5.978700160980225
1739376000,5.982600212097168
1739379600,6.003799915313721
1739383200,5.98859977722168
1739386800,5.985799789428711
1739390400,5.98390007019043
1739394000,5.984300136566162
1739397600,5.9857001304626465
1739401200,5.986100196838379
1739408400,5.995500087738037
1739412000,5.9980998039245605
1739419200,6.013500213623047
1739430000,5.9994001388549805
1739440800,6.009300231933594
1739444400,5.995800018310547
1739448000,5.998000144958496
1739451600,6.018099784851074
1739455200,6.020899772644043
1739458800,6.013899803161621
1739462400,6.0081000328063965
1739466000,6.013899803161621
1739469600,6.01609992980957
1739473200,6.0177001953125
1739476800,6.034800052642822
1739480400,6.035600185394287
1739484000,6.035699844360352
1739487600,6.050600051879883
1739494800,6.03249979019165
1739498400,6.03000020980835
1739505600,6.029399871826172
1739509200,6.026899814605713
1739516400,6.039899826049805
1739527200,6.057499885559082
1739534400,6.0096001625061035
1739538000,6.009099960327148
1739541600,6.015200138092041
1739545200,6.017300128936768
1739548800,5.997799873352051
1739552400,6.005499839782715
1739556000,6.001800060272217
1739559600,5.980500221252441
1739563200,5.981900215148926
1739566800,5.99459981918335
1739570400,5.9953999519348145
1739757600,5.988699913024902
1739761200,5.987400054931641
1739764800,5.9857001304626465
1739775600,5.978400230407715
1739786400,5.990099906921387
1739793600,5.9766998291015625
1739797200,5.972799777984619
1739800800,5.9781999588012695
1739804400,5.9857001304626465
1739808000,5.985099792480469
1739811600,5.983500003814697
1739815200,5.985199928283691
1739818800,5.985099792480469
1739822400,5.988699913024902
1739826000,5.989200115203857
1739829600,5.984600067138672
1739833200,5.983099937438965
1739840400,5.97790002822876
1739847600,5.978099822998047
1739862000,5.958799839019775
1739872800,5.973400115966797
1739876400,5.975800037384033
1739880000,5.964600086212158
1739883600,5.966800212860107
1739887200,5.959000110626221
1739890800,5.940899848937988
1739894400,5.947000026702881
1739898000,5.945499897003174
1739901600,5.9430999755859375
1739905200,5.94320011138916
1739908800,5.938899993896484
1739912400,5.942999839782715
1739916000,5.947800159454346
1739919600,5.946100234985352
1739923200,5.943399906158447
1739926800,5.942599773406982
1739937600,5.946100234985352
1739941200,5.946300029754639
1739948400,5.932799816131592
1739959200,5.934899806976318
1739966400,5.9608001708984375
1739970000,5.9583001136779785
1739973600,5.9380998611450195
1739977200,5.933499813079834
1739980800,5.9440999031066895
1739984400,5.942599773406982
1739988000,5.9542999267578125
1739991600,5.970200061798096
1739995200,5.965000152587891
1739998800,5.9633002281188965
1740002400,5.957099914550781
1740006000,5.961900234222412
1740020400,5.968699932098389
1740024000,5.967299938201904
1740027600,5.96750020980835
1740034800,5.968999862670898
1740038400,5.97189998626709
1740042000,5.966800212860107
1740045600,5.966100215911865
1740052800,5.940499782562256
1740056400,5.969699859619141
1740060000,5.949699878692627
1740063600,5.96999979019165
1740067200,5.968699932098389
1740070800,5.970300197601318
1740074400,5.9822001457214355
1740078000,5.9893999099731445
1740081600,5.9882001876831055
1740085200,5.9882001876831055
1740088800,5.985899925231934
1740092400,5.984399795532227
1740096000,5.981500148773193
1740099600,5.973899841308594
1740103200,5.98829984664917
1740106800,5.988399982452393
1740110400,5.987800121307373
1740121200,5.961699962615967
1740132000,5.965400218963623
1740135600,5.973899841308594
1740139200,5.980400085449219
1740142800,5.9710001945495605
1740146400,5.97730016708374
1740150000,5.9604997634887695
1740153600,5.956099987030029
1740157200,5.963799953460693
1740160800,5.992300033569336
1740164400,5.9918999671936035
1740168000,5.992599964141846
1740171600,5.9953999519348145
1740175200,5.9918999671936035
1740358800,6.024600028991699
1740369600,6.0243000984191895
1740373200,6.0258002281188965
1740380400,5.991399765014648
1740391200,5.999300003051758
1740398400,5.980100154876709
1740402000,5.991799831390381
1740405600,5.996500015258789
1740409200,5.996399879455566
1740412800,6.004799842834473
1740416400,6.007599830627441
1740420000,6.023499965667725
1740423600,6.027400016784668
1740427200,6.041600227355957
1740430800,6.048799991607666
1740434400,6.048399925231934
1740438000,6.045899868011475
1740448800,6.052700042724609
1740452400,6.052000045776367
1740466800,5.990499973297119
1740481200,6.0269999504089355
1740484800,6.096700191497803
1740488400,6.071499824523926
1740492000,6.06850004196167
1740495600,6.043099880218506
1740499200,6.054900169372559
1740502800,6.04640007019043
1740506400,6.03879976272583
1740510000,6.045499801635742
1740513600,6.047800064086914
1740517200,6.043600082397461
1740520800,6.03410005569458
1740524400,6.046899795532227
1740535200,6.030099868774414
1740538800,6.0289998054504395
1740542400,6.028200149536133
1740553200,6.009500026702881
1740564000,6.030900001525879
1740567600,6.032299995422363
1740571200,6.015600204467773
1740574800,6.0559000968933105
1740578400,6.0833001136779785
1740582000,6.0696001052856445
1740585600,6.077199935913086
1740589200,6.069900035858154
1740592800,6.07450008392334
1740596400,6.083000183105469
1740600000,6.093299865722656
1740603600,6.070199966430664
1740607200,6.086299896240234
1740610800,6.07420015335083
1740614400,6.081699848175049
1740618000,6.080599784851074
1740628800,6.071000099182129
1740650400,6.064599990844727
1740654000,6.064899921417236
1740657600,6.073200225830078
1740661200,6.074100017547607
1740664800,6.061299800872803
1740668400,6.070300102233887
1740672000,6.069499969482422
1740675600,6.061100006103516
1740679200,6.064300060272217
1740682800,6.069300174713135
1740686400,6.067500114440918
1740690000,6.0721001625061035
1740693600,6.055200099945068
1740697200,6.056700229644775
1740704400,6.065999984741211
1740708000,6.064700126647949
1740711600,6.064700126647949
1740715200,6.065800189971924
1740718800,6.06689977645874
1740726000,6.064899921417236
1740740400,6.056000232696533
1740744000,6.078700065612793
1740747600,6.0725998878479
1740751200,6.078999996185303
1740754800,6.100500106811523
1740758400,6.116600036621094
1740762000,6.123300075531006
1740765600,6.119999885559082
1740769200,6.13100004196167
1740772800,6.119500160217285
1740776400,6.1057000160217285
1740780000,6.124499797821045
1740970800,6.129300117492676
1740985200,6.149700164794922
1740996000,6.162600040435791
1740999600,6.167900085449219
1741003200,6.179299831390381
1741006800,6.1605000495910645
1741010400,6.162499904632568
1741014000,6.170400142669678
1741017600,6.178199768066406
1741021200,6.177199840545654
1741024800,6.189700126647949
1741028400,6.189199924468994
1741042800,6.192999839782715
1741071600,6.201000213623047
1741082400,6.19980001449585
1741089600,6.217199802398682
1741096800,6.212100028991699
1741104000,6.202199935913086
1741107600,6.204699993133545
1741111200,6.230000019073486
1741114800,6.23330020904541
1741125600,6.267600059509277
1741129200,6.2530999183654785
1741140000,6.242300033569336
1741143600,6.2469000816345215
1741147200,6.249000072479248
1741150800,6.249899864196777
1741158000,6.300600051879883
1741168800,6.309199810028076
1741172400,6.302499771118164
1741176000,6.29640007019043
1741179600,6.290200233459473
1741183200,6.334000110626221
1741186800,6.334199905395508
1741190400,6.264900207519531
1741194000,6.247700214385986
1741197600,6.215099811553955
1741201200,6.206699848175049
1741204800,6.2129998207092285
1741208400,6.1921000480651855
1741212000,6.192800045013428
1741219200,6.231100082397461
1741226400,6.2006001472473145
1741233600,6.199699878692627
1741237200,6.19980001449585
1741244400,6.237599849700928
1741255200,6.226600170135498
1741258800,6.233399868011475
1741262400,6.207600116729736
1741266000,6.217100143432617
1741269600,6.238500118255615
1741273200,6.225599765777588
1741276800,6.248199939727783
1741280400,6.2230000495910645
1741284000,6.2108001708984375
1741287600,6.2230000495910645
1741291200,6.217299938201904
1741294800,6.20989990234375
1741298400,6.216300010681152
1741302000,6.217299938201904
1741305600,6.220600128173828
1741309200,6.218400001525879
1741316400,6.228600025177002
1741320000,6.230999946594238
1741323600,6.230199813842773
1741330800,6.241000175476074
1741341600,6.253799915313721
1741345200,6.254300117492676
1741348800,6.257999897003174
1741352400,6.260499954223633
1741356000,6.267399787902832
1741359600,6.264599800109863
1741363200,6.282400131225586
1741366800,6.2758002281188965
1741370400,6.277400016784668
1741374000,6.276100158691406
1741377600,6.280099868774414
1741381200,6.272600173950195
1741384800,6.272299766540527
1741572000,6.2795000076293945
1741590000,6.267300128936768
1741597200,6.283899784088135
1741604400,6.28849983215332
1741608000,6.298699855804443
1741611600,6.271500110626221
1741615200,6.262199878692627
1741618800,6.2795000076293945
1741622400,6.296500205993652
1741626000,6.322299957275391
1741629600,6.3480000495910645
1741633200,6.34089994430542
1741636800,6.3445000648498535
1741640400,6.344299793243408
1741644000,6.343299865722656
1741647600,6.345799922943115
1741654800,6.356500148773193
1741658400,6.3572001457214355
1741662000,6.352700233459473
1741676400,6.388899803161621
1741683600,6.392499923706055
1741690800,6.3856000900268555
1741694400,6.375899791717529
1741698000,6.3628997802734375
1741701600,6.374499797821045
1741705200,6.362299919128418
1741708800,6.372499942779541
1741712400,6.373000144958496
1741716000,6.347700119018555
1741719600,6.346499919891357
1741723200,6.342899799346924
1741726800,6.338900089263916
1741730400,6.341800212860107
1741744800,6.336699962615967
1741762800,6.334000110626221
1741770000,6.344799995422363
1741777200,6.33489990234375
1741780800,6.353000164031982
1741784400,6.324699878692627
1741788000,6.346700191497803
1741791600,6.355000019073486
1741795200,6.3445000648498535
1741798800,6.335400104522705
1741802400,6.312600135803223
1741806000,6.321499824523926
1741809600,6.314700126647949
1741813200,6.312099933624268
1741816800,6.314000129699707
1741831200,6.316699981689453
1741849200,6.2982001304626465
1741856400,6.308499813079834
1741863600,6.301199913024902
1741867200,6.299300193786621
1741870800,6.323500156402588
1741874400,6.313199996948242
1741878000,6.304500102996826
1741881600,6.30709981918335
1741885200,6.304299831390381
1741888800,6.303400039672852
1741892400,6.286499977111816
1741896000,6.295100212097168
1741899600,6.293600082397461
1741903200,6.293499946594238
1741906800,6.293700218200684
1741910400,6.293300151824951
1741917600,6.285799980163574
1741921200,6.2891998291015625
1741924800,6.285200119018555
1741935600,6.291299819946289
1741939200,6.302599906921387
1741942800,6.300000190734863
1741950000,6.324900150299072
1741953600,6.271599769592285
1741957200,6.240300178527832
1741960800,6.233699798583984
1741964400,6.228700160980225
1741968000,6.221499919891357
1741971600,6.234300136566162
1741975200,6.243500232696533
1741978800,6.244500160217285
1741982400,6.24370002746582
1741986000,6.248199939727783
1742176800,6.251699924468994
1742180400,6.252299785614014
1742184000,6.257699966430664
1742194800,6.236400127410889
1742202000,6.245200157165527
1742209200,6.257599830627441
1742212800,6.222899913787842
1742216400,6.23829984664917
1742220000,6.226600170135498
1742223600,6.2133002281188965
1742227200,6.209099769592285
1742230800,6.205699920654297
1742234400,6.193999767303467
1742238000,6.2052001953125
1742241600,6.206500053405762
1742245200,6.211400032043457
1742248800,6.190899848937988
1742252400,6.209400177001953
1742256000,6.209799766540527
1742259600,6.20419979095459
1742263200,6.202000141143799
1742266800,6.201700210571289
1742270400,6.202499866485596
1742281200,6.187600135803223
1742288400,6.208099842071533
1742295600,6.1921000480651855
1742299200,6.2093000411987305
1742302800,6.210700035095215
1742306400,6.210400104522705
1742310000,6.200500011444092
1742313600,6.196300029754639
1742317200,6.2017998695373535
1742320800,6.201700210571289
1742324400,6.206699848175049
1742328000,6.205900192260742
1742331600,6.207399845123291
1742335200,6.201099872589111
1742342400,6.20419979095459
1742353200,6.2042999267578125
1742367600,6.162399768829346
1742374800,6.177700042724609
1742382000,6.184899806976318
1742385600,6.202000141143799
1742389200,6.189700126647949
1742392800,6.156300067901611
1742396400,6.146999835968018
1742400000,6.153600215911865
1742403600,6.155900001525879
1742407200,6.146299839019775
1742410800,6.148900032043457
1742414400,6.158299922943115
1742418000,6.1595001220703125
1742421600,6.148200035095215
1742432400,6.160799980163574
1742439600,6.14870023727417
1742461200,6.110899925231934
1742468400,6.127500057220459
1742472000,6.130199909210205
1742475600,6.135499954223633
1742479200,6.134099960327148
1742482800,6.155900001525879
1742486400,6.150300025939941
1742490000,6.141900062561035
1742493600,6.152200222015381
1742497200,6.153299808502197
1742500800,6.16349983215332
1742504400,6.1605000495910645
1742508000,6.155799865722656
1742511600,6.161399841308594
1742515200,6.160099983215332
1742518800,6.158999919891357
1742522400,6.153200149536133
1742526000,6.149499893188477
1742536800,6.1483001708984375
1742540400,6.132299900054932
1742547600,6.143499851226807
1742554800,6.152599811553955
1742558400,6.185100078582764
1742562000,6.1981000900268555
1742565600,6.200399875640869
1742569200,6.190100193023682
1742572800,6.175000190734863
1742576400,6.188499927520752
1742580000,6.189000129699707
1742583600,6.181399822235107
1742587200,6.192299842834473
1742590800,6.202199935913086
1742781600,6.201600074768066
1742785200,6.199999809265137
1742806800,6.212100028991699
1742810400,6.208700180053711
1742814000,6.197000026702881
1742817600,6.2347002029418945
1742821200,6.188199996948242
1742824800,6.198599815368652
1742828400,6.184599876403809
1742832000,6.185200214385986
1742835600,6.2017998695373535
1742839200,6.213099956512451
1742842800,6.212200164794922
1742846400,6.222700119018555
1742850000,6.210400104522705
1742853600,6.210299968719482
1742857200,6.222899913787842
1742860800,6.222300052642822
1742864400,6.221700191497803
1742868000,6.220900058746338
1742871600,6.221199989318848
1742893200,6.210999965667725
1742900400,6.22760009765625
1742904000,6.202899932861328
1742907600,6.174200057983398
1742911200,6.144599914550781
1742914800,6.141200065612793
1742918400,6.153600215911865
1742922000,6.158999919891357
1742925600,6.1479997634887695
1742929200,6.15939998626709
1742932800,6.149899959564209
1742936400,6.150599956512451
1742940000,6.148399829864502
1742958000,6.148099899291992
1742961600,6.148099899291992
1742972400,6.138700008392334
1742979600,6.146200180053711
1742986800,6.151400089263916
1742990400,6.173999786376953
1742994000,6.172399997711182
1742997600,6.18209981918335
1743001200,6.181600093841553
1743004800,6.186299800872803
1743008400,6.170000076293945
1743012000,6.167799949645996
1743015600,6.159200191497803
1743019200,6.166800022125244
1743022800,6.161600112915039
1743026400,6.158400058746338
1743037200,6.174600124359131
1743040800,6.179200172424316
1743044400,6.180200099945068
1743058800,6.153900146484375
1743066000,6.1757001876831055
1743073200,6.183599948883057
1743076800,6.208199977874756
1743080400,6.203000068664551
1743084000,6.190499782562256
1743087600,6.196800231933594
1743091200,6.192999839782715
1743094800,6.192299842834473
1743098400,6.208099842071533
1743102000,6.211299896240234
1743105600,6.206999778747559
1743109200,6.197800159454346
1743112800,6.1975998878479
1743120000,6.194699764251709
1743123600,6.196800231933594
1743127200,6.197199821472168
1743134400,6.194399833679199
1743145200,6.18149995803833
1743152400,6.19290018081665
1743159600,6.197299957275391
1743163200,6.213600158691406
1743166800,6.223700046539307
1743170400,6.2378997802734375
1743174000,6.2378997802734375
1743177600,6.242499828338623
1743181200,6.23390007019043
1743184800,6.230299949645996
1743188400,6.234499931335449
1743192000,6.2382001876831055
1743195600,6.237500190734863
1743390000,6.23859977722168
1743393600,6.239200115203857
1743397200,6.238500118255615
1743418800,6.231900215148926
1743422400,6.240499973297119
1743426000,6.205900192260742
1743429600,6.184700012207031
1743433200,6.200099945068359
1743436800,6.187099933624268
1743440400,6.186100006103516
1743444000,6.178599834442139
1743447600,6.174300193786621
1743451200,6.170499801635742
1743454800,6.166600227355957
1743458400,6.16540002822876
1743472800,6.169899940490723
1743476400,6.170000076293945
1743480000,6.183000087738037
1743487200,6.172800064086914
1743498000,6.18149995803833
1743505200,6.159599781036377
1743508800,6.168300151824951
1743512400,6.167399883270264
1743516000,6.151000022888184
1743519600,6.142899990081787
1743523200,6.142199993133545
1743526800,6.1346001625061035
1743530400,6.128399848937988
1743534000,6.131899833679199
1743537600,6.133200168609619
1743541200,6.133200168609619
1743544800,6.138599872589111
1743562800,6.133600234985352
1743573600,6.136199951171875
1743584400,6.133600234985352
1743591600,6.136099815368652
1743595200,6.140699863433838
1743598800,6.157599925994873
1743602400,6.1869001388549805
1743606000,6.190800189971924
1743609600,6.177800178527832
1743613200,6.1834001541137695
1743616800,6.177000045776367
1743620400,6.179699897766113
1743624000,6.147200107574463
1743627600,6.136000156402588
1743631200,6.156499862670898
1743638400,6.1707000732421875
1743642000,6.183499813079834
1743645600,6.186500072479248
1743670800,6.276000022888184
1743674400,6.2906999588012695
1743678000,6.313600063323975
1743681600,6.235099792480469
1743685200,6.225900173187256
1743688800,6.228600025177002
1743692400,6.198299884796143
1743696000,6.187600135803223
1743699600,6.189300060272217
1743703200,6.203700065612793
1743706800,6.200699806213379
1743710400,6.2221999168396
1743714000,6.223899841308594
1743717600,6.229800224304199
1743721200,6.225399971008301
1743724800,6.2230000495910645
1743728400,6.235099792480469
1743732000,6.232999801635742
1743746400,6.217100143432617
1743750000,6.214399814605713
1743757200,6.1722002029418945
1743764400,6.217700004577637
1743768000,6.321499824523926
1743771600,6.369800090789795
1743775200,6.3856000900268555
1743778800,6.387499809265137
1743782400,6.373700141906738
1743786000,6.376500129699707
1743789600,6.394100189208984
1743793200,6.392099857330322
1743796800,6.407100200653076
1743800400,6.407199859619141
1743980400,6.425000190734863
1743991200,6.385900020599365
1744005600,6.425000190734863
1744009200,6.4268999099731445
1744016400,6.400100231170654
1744020000,6.398099899291992
1744023600,6.408899784088135
1744027200,6.434500217437744
1744030800,6.441299915313721
1744034400,6.418300151824951
1744038000,6.466100215911865
1744041600,6.467599868774414
1744045200,6.445300102233887
1744048800,6.466800212860107
1744052400,6.452600002288818
1744056000,6.448299884796143
1744059600,6.456099987030029
1744063200,6.4496002197265625
1744092000,6.4893999099731445
1744102800,6.452700138092041
1744106400,6.463099956512451
1744110000,6.466400146484375
1744113600,6.458499908447266
1744117200,6.442299842834473
1744120800,6.490099906921387
1744124400,6.532199859619141
1744128000,6.542699813842773
1744131600,6.534900188446045
1744135200,6.551499843597412
1744138800,6.571100234985352
1744142400,6.5879998207092285
1744146000,6.59089994430542
1744149600,6.5971999168396
1744156800,6.587500095367432
1744167600,6.628200054168701
1744174800,6.642899990081787
1744189200,6.595600128173828
1744200000,6.734799861907959
1744203600,6.669600009918213
1744207200,6.690800189971924
1744210800,6.678999900817871
1744214400,6.625800132751465
1744218000,6.464200019836426
1744221600,6.418700218200684
1744225200,6.392399787902832
1744228800,6.379300117492676
1744232400,6.3730998039245605
1744246800,6.389500141143799
1744250400,6.381700038909912
1744257600,6.390999794006348
1744261200,6.391200065612793
1744275600,6.470200061798096
1744282800,6.4903998374938965
1744286400,6.526500225067139
1744290000,6.564799785614014
1744293600,6.622300148010254
1744297200,6.657299995422363
1744300800,6.643799781799316
1744304400,6.609300136566162
1744308000,6.607999801635742
1744311600,6.6020002365112305
1744315200,6.592599868774414
1744318800,6.589200019836426
1744322400,6.604800224304199
1744336800,6.658999919891357
1744340400,6.679900169372559
1744351200,6.64109992980957
1744362000,6.715799808502197
1744365600,6.694799900054932
1744369200,6.678599834442139
1744372800,6.683599948883057
1744376400,6.676300048828125
1744380000,6.675600051879883
1744383600,6.657899856567383
1744387200,6.643400192260742
1744390800,6.611700057983398
1744394400,6.644199848175049
1744398000,6.655900001525879
1744401600,6.662799835205078
1744405200,6.661499977111816
1744599600,6.6656999588012695
1744610400,6.695700168609619
1744621200,6.692999839782715
1744628400,6.686100006103516
1744632000,6.634300231933594
1744635600,6.609099864959717
1744639200,6.640600204467773
1744642800,6.659800052642822
1744646400,6.632500171661377
1744650000,6.640600204467773
1744653600,6.643700122833252
1744657200,6.643099784851074
1744660800,6.645699977874756
1744664400,6.647799968719482
1744668000,6.6458001136779785
1744678800,6.628699779510498
1744682400,6.645299911499023
1744686000,6.6442999839782715
1744696800,6.6178998947143555
1744707600,6.639800071716309
1744714800,6.629700183868408
1744718400,6.623899936676025
1744722000,6.631800174713135
1744725600,6.6579999923706055
1744729200,6.636899948120117
1744732800,6.648200035095215
1744736400,6.640900135040283
1744740000,6.644700050354004
1744743600,6.643199920654297
1744747200,6.638199806213379
1744750800,6.640699863433838
1744754400,6.648600101470947
1744758000,6.644800186157227
1744768800,6.667600154876709
1744783200,6.681099891662598
1744794000,6.697500228881836
1744804800,6.704899787902832
1744808400,6.68120002746582
1744812000,6.692699909210205
1744815600,6.672800064086914
1744819200,6.660699844360352
1744822800,6.6774001121521
1744826400,6.6682000160217285
1744830000,6.681300163269043
1744833600,6.685800075531006
1744837200,6.674099922180176
1744840800,6.686999797821045
1744844400,6.689799785614014
1744851600,6.667099952697754
1744855200,6.674200057983398
1744858800,6.673900127410889
1744869600,6.6392998695373535
1744880400,6.659599781036377
1744887600,6.653600215911865
1744891200,6.668099880218506
1744894800,6.657899856567383
1744898400,6.653600215911865
1744902000,6.624100208282471
1744905600,6.586299896240234
1744909200,6.5894999504089355
1744912800,6.594699859619141
1744916400,6.60290002822876
1744920000,6.596799850463867
1744923600,6.606299877166748
1744927200,6.607399940490723
1744930800,6.609099864959717
1744941600,6.608500003814697
1744945200,6.60890007019043
1744956000,6.576700210571289
1744966800,6.595300197601318
1744974000,6.601799964904785
1744977600,6.602399826049805
1744981200,6.607600212097168
1744984800,6.611700057983398
1744988400,6.614999771118164
1744992000,6.612800121307373
1744995600,6.615099906921387
1744999200,6.615699768066406
1745006400,6.616000175476074
1745010000,6.6153998374938965
1745190000,6.6427998542785645
1745197200,6.66379976272583
1745200800,6.662300109863281
1745226000,6.706099987030029
1745233200,6.703700065612793
1745236800,6.686200141906738
1745240400,6.68149995803833
1745244000,6.674499988555908
1745247600,6.678400039672852
1745251200,6.679299831390381
1745254800,6.684500217437744
1745258400,6.687699794769287
1745262000,6.685500144958496
1745265600,6.68120002746582
1745269200,6.678699970245361
1745272800,6.689599990844727
1745283600,6.667699813842773
1745287200,6.682400226593018
1745290800,6.697500228881836
1745294400,6.6875
1745301600,6.653800010681152
1745312400,6.670400142669678
1745316000,6.672100067138672
1745319600,6.669000148773193
1745323200,6.626200199127197
1745326800,6.607800006866455
1745330400,6.605100154876709
1745334000,6.585100173950195
1745337600,6.547399997711182
1745341200,6.56879997253418
1745344800,6.537899971008301
1745348400,6.5395002365112305
1745352000,6.536600112915039
1745355600,6.507199764251709
1745359200,6.486000061035156
1745366400,6.518899917602539
1745370000,6.5177001953125
1745373600,6.5243000984191895
1745377200,6.520199775695801
1745388000,6.493500232696533
1745391600,6.493199825286865
1745395200,6.493800163269043
1745398800,6.53249979019165
1745402400,6.523900032043457
1745406000,6.532299995422363
1745409600,6.481299877166748
1745413200,6.447299957275391
1745416800,6.459799766540527
1745420400,6.465700149536133
1745424000,6.470399856567383
1745427600,6.465400218963623
1745431200,6.462200164794922
1745434800,6.474400043487549
1745438400,6.458899974822998
1745442000,6.458499908447266
1745445600,6.477099895477295
1745449200,6.463900089263916
1745456400,6.478099822998047
1745460000,6.474999904632568
1745474400,6.462200164794922
1745485200,6.5015997886657715
1745492400,6.488699913024902
1745496000,6.452000141143799
1745499600,6.453000068664551
1745503200,6.45359992980957
1745506800,6.442699909210205
1745510400,6.462100028991699
1745514000,6.453199863433838
1745517600,6.466000080108643
1745521200,6.479100227355957
1745524800,6.472599983215332
1745528400,6.470300197601318
1745532000,6.467899799346924
1745546400,6.4446001052856445
1745560800,6.423999786376953
1745571600,6.451600074768066
1745578800,6.454999923706055
1745582400,6.452899932861328
1745586000,6.44980001449585
1745589600,6.455999851226807
1745593200,6.466300010681152
1745596800,6.4456000328063965
1745600400,6.469600200653076
1745604000,6.469399929046631
1745607600,6.458600044250488
1745611200,6.457699775695801
1745614800,6.4654998779296875
1745794800,6.452199935913086
1745805600,6.456600189208984
1745809200,6.455399990081787
1745830800,6.45959997177124
1745834400,6.458399772644043
1745838000,6.459199905395508
1745841600,6.433199882507324
1745845200,6.418099880218506
1745848800,6.456200122833252
1745852400,6.467599868774414
1745856000,6.479800224304199
1745859600,6.465700149536133
1745863200,6.450200080871582
1745866800,6.451700210571289
1745870400,6.459000110626221
1745874000,6.456699848175049
1745877600,6.453199863433838
1745881200,6.448400020599365
1745895600,6.441800117492676
1745906400,6.433899879455566
1745917200,6.439599990844727
1745924400,6.434700012207031
1745928000,6.440800189971924
1745931600,6.442999839782715
1745935200,6.421899795532227
1745938800,6.421500205993652
1745942400,6.423999786376953
1745946000,6.415599822998047
1745949600,6.410200119018555
1745953200,6.407299995422363
1745956800,6.399600028991699
1745960400,6.412499904632568
1745964000,6.402200222015381
1745974800,6.387800216674805
1745978400,6.390600204467773
1745982000,6.392000198364258
1746003600,6.399600028991699
1746007200,6.4028000831604
1746010800,6.407199859619141
1746014400,6.402100086212158
1746018000,6.441299915313721
1746021600,6.436800003051758
1746025200,6.4197001457214355
1746028800,6.453499794006348
1746032400,6.439000129699707
1746036000,6.427499771118164
1746039600,6.432499885559082
1746043200,6.421899795532227
1746046800,6.4156999588012695
1746050400,6.41480016708374
1746064800,6.4197998046875
1746068400,6.414400100708008
1746072000,6.403600215911865
1746079200,6.4197998046875
1746090000,6.411200046539307
1746093600,6.410699844360352
1746097200,6.410399913787842
1746100800,6.4222002029418945
1746104400,6.420400142669678
1746108000,6.394700050354004
1746111600,6.380899906158447
1746115200,6.387700080871582
1746118800,6.399199962615967
1746122400,6.401299953460693
1746126000,6.401100158691406
1746129600,6.392399787902832
1746133200,6.392399787902832
1746136800,6.397299766540527
1746144000,6.3983001708984375
1746147600,6.405600070953369
1746158400,6.40310001373291
1746183600,6.423299789428711
1746187200,6.391300201416016
1746190800,6.399099826812744
1746194400,6.404399871826172
1746198000,6.396999835968018
1746201600,6.4019999504089355
1746205200,6.390999794006348
1746208800,6.383699893951416
1746212400,6.392899990081787
1746216000,6.389100074768066
1746219600,6.3902997970581055
1746410400,6.417799949645996
1746414000,6.411300182342529
1746424800,6.418799877166748
1746442800,6.412499904632568
1746446400,6.4029998779296875
1746450000,6.4085001945495605
1746453600,6.411099910736084
1746457200,6.4095001220703125
1746460800,6.419600009918213
1746464400,6.42080020904541
1746468000,6.433800220489502
1746471600,6.435500144958496
1746475200,6.435100078582764
1746478800,6.436800003051758
1746482400,6.434700012207031
1746493200,6.422900199890137
1746496800,6.424900054931641
1746511200,6.452400207519531
1746522000,6.439599990844727
1746529200,6.443299770355225
1746532800,6.462800025939941
1746536400,6.509300231933594
1746540000,6.484300136566162
1746543600,6.485799789428711
1746547200,6.483099937438965
1746550800,6.47760009765625
1746554400,6.492700099945068
1746558000,6.491799831390381
1746561600,6.497399806976318
1746565200,6.498499870300293
1746568800,6.467599868774414
1746583200,6.472499847412109
1746586800,6.472799777984619
1746590400,6.48360013961792
1746597600,6.502399921417236
1746608400,6.481400012969971
1746615600,6.488699913024902
1746619200,6.504499912261963
1746622800,6.518700122833252
1746626400,6.5279998779296875
1746630000,6.51800012588501
1746633600,6.514999866485596
1746637200,6.512499809265137
1746640800,6.51200008392334
1746644400,6.494200229644775
1746648000,6.4934000968933105
1746651600,6.501500129699707
1746655200,6.496799945831299
1746658800,6.494999885559082
1746662400,6.5005998611450195
1746669600,6.505300045013428
1746673200,6.5065999031066895
1746684000,6.494100093841553
1746694800,6.484600067138672
1746702000,6.48799991607666
1746705600,6.442999839782715
1746709200,6.421899795532227
1746712800,6.401400089263916
1746716400,6.384699821472168
1746720000,6.365200042724609
1746723600,6.377299785614014
1746727200,6.370500087738037
1746730800,6.356100082397461
1746734400,6.356200218200684
1746738000,6.356299877166748
1746741600,6.375199794769287
1746756000,6.351799964904785
1746759600,6.3557000160217285
1746770400,6.391499996185303
1746781200,6.388700008392334
1746788400,6.38640022277832
1746792000,6.361599922180176
1746795600,6.372000217437744
1746799200,6.366799831390381
1746802800,6.35830020904541
1746806400,6.354899883270264
1746810000,6.364799976348877
1746813600,6.360799789428711
1746817200,6.359799861907959
1746820800,6.3541998863220215
1746824400,6.3541998863220215
1747015200,6.343699932098389
1747018800,6.345300197601318
1747029600,6.344299793243408
1747047600,6.2795000076293945
1747051200,6.312900066375732
1747054800,6.315299987792969
1747058400,6.314499855041504
1747062000,6.313199996948242
1747065600,6.307300090789795
1747069200,6.313000202178955
1747072800,6.309199810028076
1747076400,6.2982001304626465
1747080000,6.293700218200684
1747083600,6.286900043487549
1747087200,6.289599895477295
1747105200,6.320799827575684
1747126800,6.3225998878479
1747134000,6.303100109100342
1747137600,6.280099868774414
1747141200,6.267199993133545
1747144800,6.280300140380859
1747148400,6.260000228881836
1747152000,6.268899917602539
1747155600,6.269199848175049
1747159200,6.257999897003174
1747162800,6.27239990234375
1747166400,6.273200035095215
1747170000,6.278500080108643
1747173600,6.277900218963623
1747180800,6.276700019836426
1747184400,6.275100231170654
1747188000,6.274899959564209
1747191600,6.258900165557861
1747202400,6.259500026702881
1747213200,6.301199913024902
1747220400,6.29040002822876
1747224000,6.2789998054504395
1747227600,6.2820000648498535
1747231200,6.291800022125244
1747234800,6.2891998291015625
1747238400,6.278500080108643
1747242000,6.282800197601318
1747245600,6.283299922943115
1747249200,6.286499977111816
1747252800,6.298999786376953
1747256400,6.303899765014648
1747260000,6.303100109100342
1747274400,6.310699939727783
1747278000,6.311500072479248
1747288800,6.304100036621094
1747299600,6.298500061035156
1747306800,6.311100006103516
1747310400,6.292500019073486
1747314000,6.2972002029418945
1747317600,6.315800189971924
1747321200,6.309299945831299
1747324800,6.296599864959717
1747328400,6.35260009765625
1747332000,6.350100040435791
1747335600,6.354300022125244
1747339200,6.353899955749512
1747342800,6.3566999435424805
1747346400,6.358399868011475
1747357200,6.36460018157959
1747360800,6.365799903869629
1747364400,6.363999843597412
1747375200,6.372399806976318
1747382400,6.36329984664917
1747386000,6.366600036621094
1747389600,6.360300064086914
1747393200,6.36269998550415
1747396800,6.378200054168701
1747400400,6.381100177764893
1747404000,6.3597002029418945
1747407600,6.327700138092041
1747411200,6.320700168609619
1747414800,6.325900077819824
1747418400,6.32420015335083
1747422000,6.320499897003174
1747425600,6.322999954223633
1747429200,6.3282999992370605
1747620000,6.332600116729736
1747623600,6.332499980926514
1747634400,6.347899913787842
1747645200,6.3850998878479
1747652400,6.381499767303467
1747656000,6.396200180053711
1747659600,6.369800090789795
1747663200,6.36460018157959
1747666800,6.3403000831604
1747670400,6.341100215911865
1747674000,6.340000152587891
1747677600,6.344799995422363
1747681200,6.352799892425537
1747684800,6.352099895477295
1747688400,6.34689998626709
1747692000,6.343299865722656
1747699200,6.337200164794922
1747702800,6.347799777984619
1747710000,6.347899913787842
1747713600,6.347599983215332
1747720800,6.347899913787842
1747724400,6.345799922943115
1747731600,6.355500221252441
1747738800,6.349899768829346
1747742400,6.343500137329102
1747746000,6.367400169372559
1747749600,6.388700008392334
1747753200,6.375699996948242
1747756800,6.378699779510498
1747760400,6.387800216674805
1747764000,6.401299953460693
1747767600,6.392499923706055
1747771200,6.394000053405762
1747774800,6.387499809265137
1747778400,6.393799781799316
1747792800,6.417500019073486
1747796400,6.4182000160217285
1747807200,6.429599761962891
1747818000,6.42710018157959
1747825200,6.436800003051758
1747828800,6.414599895477295
1747832400,6.4105000495910645
1747836000,6.404399871826172
1747839600,6.415299892425537
1747843200,6.4145002365112305
1747846800,6.4166998863220215
1747850400,6.410099983215332
1747854000,6.39109992980957
1747857600,6.396299839019775
1747861200,6.395299911499023
1747864800,6.4029998779296875
1747868400,6.3958001136779785
1747875600,6.395500183105469
1747882800,6.399199962615967
1747893600,6.390600204467773
1747904400,6.38730001449585
1747911600,6.397200107574463
1747915200,6.3933000564575195
1747918800,6.369800090789795
1747922400,6.361700057983398
1747926000,6.337600231170654
1747929600,6.344299793243408
1747933200,6.309599876403809
1747936800,6.36269998550415
1747940400,6.38539981842041
1747944000,6.433599948883057
1747947600,6.4496002197265625
1747951200,6.451399803161621
1747954800,6.450699806213379
1747958400,6.454400062561035
1747965600,6.469799995422363
1747969200,6.469399929046631
1747990800,6.402200222015381
1748001600,6.458799839019775
1748005200,6.4604997634887695
1748008800,6.446700096130371
1748012400,6.448500156402588
1748016000,6.445799827575684
1748019600,6.44290018081665
1748023200,6.423799991607666
1748026800,6.417399883270264
1748030400,6.417200088500977
1748034000,6.416100025177002
1748239200,6.433000087738037
1748250000,6.434700012207031
1748253600,6.426599979400635
1748257200,6.425899982452393
1748260800,6.436500072479248
1748264400,6.433599948883057
1748268000,6.44950008392334
1748271600,6.457300186157227
1748275200,6.449399948120117
1748278800,6.448200225830078
1748282400,6.4532999992370605
1748286000,6.45959997177124
1748289600,6.454500198364258
1748293200,6.453400135040283
1748296800,6.456600189208984
1748318400,6.4532999992370605
1748325600,6.426799774169922
1748336400,6.43720006942749
1748343600,6.441100120544434
1748347200,6.422699928283691
1748350800,6.426499843597412
1748354400,6.416299819946289
1748358000,6.39709997177124
1748361600,6.412199974060059
1748365200,6.4039998054504395
1748368800,6.3983001708984375
1748372400,6.396500110626221
1748376000,6.389800071716309
1748379600,6.390500068664551
1748383200,6.3942999839782715
1748386800,6.39169979095459
1748390400,6.394899845123291
1748394000,6.38040018081665
1748397600,6.372099876403809
1748401200,6.375999927520752
1748404800,6.375400066375732
1748412000,6.355599880218506
1748422800,6.395500183105469
1748430000,6.384399890899658
1748433600,6.400100231170654
1748437200,6.426000118255615
1748440800,6.440199851989746
1748444400,6.436999797821045
1748448000,6.443900108337402
1748451600,6.428800106048584
1748455200,6.4222002029418945
1748458800,6.428899765014648
1748462400,6.424200057983398
1748466000,6.422900199890137
1748469600,6.425899982452393
1748473200,6.387700080871582
1748476800,6.392499923706055
1748480400,6.391300201416016
1748487600,6.401299953460693
1748494800,6.392199993133545
1748498400,6.386300086975098
1748509200,6.4141998291015625
1748516400,6.410799980163574
1748520000,6.426799774169922
1748523600,6.42609977722168
1748527200,6.410099983215332
1748530800,6.421899795532227
1748534400,6.426199913024902
1748538000,6.437099933624268
1748541600,6.433199882507324
1748545200,6.441500186920166
1748548800,6.439899921417236
1748552400,6.442200183868408
1748566800,6.434500217437744
1748570400,6.432499885559082
1748584800,6.433499813079834
1748592000,6.420899868011475
1748595600,6.4471001625061035
1748602800,6.413599967956543
1748606400,6.428999900817871
1748610000,6.466599941253662
1748613600,6.508299827575684
1748617200,6.484399795532227
1748620800,6.480599880218506
1748624400,6.485499858856201
1748628000,6.488100051879883
1748631600,6.492599964141846
1748635200,6.494800090789795
1748638800,6.502200126647949
1748829600,6.504300117492676
1748833200,6.500199794769287
1748862000,6.520400047302246
1748865600,6.494699954986572
1748869200,6.49459981918335
1748872800,6.501500129699707
1748876400,6.515200138092041
1748880000,6.503399848937988
1748883600,6.512700080871582
1748887200,6.499899864196777
1748890800,6.499599933624268
1748894400,6.491700172424316
1748898000,6.491000175476074
1748901600,6.500999927520752
1748919600,6.478400230407715
1748923200,6.478799819946289
1748930400,6.504700183868408
1748934000,6.5055999755859375
1748941200,6.4842000007629395
1748948400,6.473100185394287
1748952000,6.4959001541137695
1748955600,6.482399940490723
1748959200,6.43179988861084
1748962800,6.43120002746582
1748966400,6.417900085449219
1748970000,6.410600185394287
1748973600,6.40910005569458
1748977200,6.409999847412109
1748980800,6.411600112915039
1748984400,6.41379976272583
1748988000,6.41349983215332
1748991600,6.413700103759766
1749006000,6.410399913787842
1749009600,6.413899898529053
1749016800,6.419899940490723
1749027600,6.417099952697754
1749034800,6.41510009765625
1749038400,6.410600185394287
1749042000,6.420599937438965
1749045600,6.436500072479248
1749049200,6.440400123596191
1749052800,6.448299884796143
1749056400,6.445700168609619
1749060000,6.450500011444092
1749063600,6.439799785614014
1749067200,6.4375
1749070800,6.435299873352051
1749074400,6.433300018310547
1749078000,6.4355998039245605
1749088800,6.4481000900268555
1749092400,6.4274001121521
1749096000,6.4268999099731445
1749103200,6.450799942016602
1749106800,6.449399948120117
1749114000,6.432700157165527
1749121200,6.44980001449585
1749124800,6.4197001457214355
1749128400,6.429200172424316
1749132000,6.409800052642822
1749135600,6.405300140380859
1749139200,6.389999866485596
1749142800,6.388000011444092
1749146400,6.3933000564575195
1749150000,6.388599872589111
1749153600,6.39300012588501
1749157200,6.392199993133545
1749160800,6.396599769592285
1749171600,6.3917999267578125
1749175200,6.3881001472473145
1749178800,6.393599987030029
1749189600,6.399099826812744
1749193200,6.396599769592285
1749200400,6.379700183868408
1749207600,6.383500099182129
1749211200,6.356200218200684
1749214800,6.37529993057251
1749218400,6.382199764251709
1749222000,6.383500099182129
1749225600,6.353700160980225
1749229200,6.3592000007629395
1749232800,6.339399814605713
1749236400,6.342299938201904
1749240000,6.332399845123291
1749243600,6.337900161743164
1749430800,6.349699974060059
1749434400,6.352200031280518
1749448800,6.359899997711182
1749459600,6.3618998527526855
1749466800,6.3445000648498535
1749470400,6.351099967956543
1749474000,6.365799903869629
1749477600,6.368899822235107
1749481200,6.367400169372559
1749484800,6.3694000244140625
1749488400,6.367499828338623
1749492000,6.350200176239014
1749495600,6.351799964904785
1749499200,6.347099781036377
1749502800,6.348100185394287
1749506400,6.34660005569458
1749517200,6.33519983291626
1749520800,6.336100101470947
1749524400,6.33459997177124
1749535200,6.331200122833252
1749546000,6.339300155639648
1749553200,6.352099895477295
1749556800,6.345200061798096
1749560400,6.360499858856201
1749564000,6.354100227355957
1749567600,6.353899955749512
1749571200,6.355899810791016
1749574800,6.360000133514404
1749578400,6.366000175476074
1749582000,6.364200115203857
1749585600,6.366799831390381
1749589200,6.3632001876831055
1749592800,6.370299816131592
1749603600,6.367599964141846
1749607200,6.3628997802734375
1749610800,6.36299991607666
1749621600,6.35890007019043
1749632400,6.375500202178955
1749639600,6.374800205230713
1749643200,6.360000133514404
1749646800,6.365300178527832
1749650400,6.3668999671936035
1749654000,6.348299980163574
1749657600,6.356100082397461
1749661200,6.3572998046875
1749664800,6.3632001876831055
1749668400,6.360000133514404
1749672000,6.360300064086914
1749675600,6.360599994659424
1749679200,6.36299991607666
1749693600,6.372700214385986
1749697200,6.376299858093262
1749704400,6.382699966430664
1749708000,6.3755998611450195
1749718800,6.4019999504089355
1749726000,6.418499946594238
1749729600,6.416900157928467
1749733200,6.413099765777588
1749736800,6.410999774932861
1749740400,6.420499801635742
1749744000,6.4278998374938965
1749747600,6.418000221252441
1749751200,6.4145002365112305
1749754800,6.417399883270264
1749758400,6.415999889373779
1749762000,6.416100025177002
1749765600,6.417200088500977
1749769200,6.416600227355957
1749783600,6.388500213623047
1749787200,6.386499881744385
1749794400,6.388700008392334
1749805200,6.389599800109863
1749812400,6.37470006942749
1749816000,6.421800136566162
1749819600,6.411200046539307
1749823200,6.408199787139893
1749826800,6.406599998474121
1749830400,6.405099868774414
1749834000,6.400100231170654
1749837600,6.392600059509277
1749841200,6.3983001708984375
1749844800,6.402500152587891
1749848400,6.400899887084961
1750028400,6.396100044250488
1750032000,6.396900177001953
1750039200,6.392600059509277
1750042800,6.390699863433838
1750053600,6.399499893188477
1750064400,6.410799980163574
1750071600,6.410399913787842
1750075200,6.383399963378906
1750078800,6.388000011444092
1750082400,6.381400108337402
1750086000,6.388199806213379
1750089600,6.3846001625061035
1750093200,6.3734002113342285
1750096800,6.364200115203857
1750100400,6.341000080108643
1750104000,6.347499847412109
1750107600,6.353799819946289
1750111200,6.35290002822876
1750118400,6.342299938201904
1750122000,6.345600128173828
1750125600,6.341400146484375
1750129200,6.3495001792907715
1750136400,6.349400043487549
1750140000,6.348999977111816
1750150800,6.3460001945495605
1750158000,6.349699974060059
1750161600,6.349599838256836
1750165200,6.322199821472168
1750168800,6.315899848937988
1750172400,6.314499855041504
1750176000,6.31279993057251
1750179600,6.3130998611450195
1750183200,6.315999984741211
1750186800,6.307499885559082
1750190400,6.314700126647949
1750194000,6.31790018081665
1750197600,6.31879997253418
1750204800,6.3130998611450195
1750208400,6.316500186920166
1750212000,6.315700054168701
1750219200,6.320400238037109
1750226400,6.332099914550781
1750237200,6.331999778747559
1750244400,6.330599784851074
1750248000,6.333199977874756
1750251600,6.3007001876831055
1750255200,6.311800003051758
1750258800,6.32919979095459
1750262400,6.333799839019775
1750266000,6.322500228881836
1750269600,6.316500186920166
1750273200,6.311800003051758
1750276800,6.307499885559082
1750280400,6.297999858856201
1750284000,6.297599792480469
1750287600,6.295599937438965
1750309200,6.282700061798096
1750312800,6.297100067138672
1750316400,6.294600009918213
1750320000,6.296599864959717
1750323600,6.3144001960754395
1750330800,6.306000232696533
1750334400,6.302999973297119
1750338000,6.303599834442139
1750341600,6.310800075531006
1750345200,6.308300018310547
1750348800,6.3053998947143555
1750363200,6.312600135803223
1750366800,6.326200008392334
1750370400,6.326300144195557
1750384800,6.3242998123168945
1750399200,6.324399948120117
1750410000,6.343100070953369
1750413600,6.329899787902832
1750417200,6.343500137329102
1750420800,6.321899890899658
1750424400,6.322700023651123
1750428000,6.325900077819824
1750431600,6.338699817657471
1750435200,6.355599880218506
1750438800,6.360599994659424
1750442400,6.367000102996826
1750446000,6.363500118255615
1750449600,6.35099983215332
1750453200,6.35129976272583
1750644000,6.339900016784668
1750647600,6.338200092315674
1750651200,6.333799839019775
1750654800,6.337100028991699
1750658400,6.339900016784668
1750669200,6.327000141143799
1750672800,6.321800231933594
1750676400,6.333000183105469
1750680000,6.338200092315674
1750683600,6.354300022125244
1750687200,6.359000205993652
1750690800,6.35890007019043
1750694400,6.3709001541137695
1750698000,6.375100135803223
1750701600,6.365600109100342
1750705200,6.371799945831299
1750708800,6.362599849700928
1750712400,6.361100196838379
1750716000,6.381199836730957
1750723200,6.374300003051758
1750726800,6.368500232696533
1750730400,6.369500160217285
1750734000,6.375999927520752
1750744800,6.365699768066406
1750755600,6.38070011138916
1750759200,6.375199794769287
1750762800,6.378499984741211
1750766400,6.377099990844727
1750770000,6.375199794769287
1750773600,6.379499912261963
1750777200,6.3907999992370605
1750780800,6.395899772644043
1750784400,6.39709997177124
1750788000,6.4096999168396
1750791600,6.40910005569458
1750795200,6.398200035095215
1750798800,6.398099899291992
1750802400,6.403800010681152
1750813200,6.406799793243408
1750816800,6.403500080108643
1750831200,6.382900238037109
1750834800,6.390600204467773
1750838400,6.396299839019775
1750842000,6.399899959564209
1750849200,6.389800071716309
1750852800,6.415800094604492
1750856400,6.422800064086914
1750860000,6.4415998458862305
1750863600,6.456999778747559
1750867200,6.438899993896484
1750870800,6.4527997970581055
1750874400,6.469299793243408
1750878000,6.476200103759766
1750881600,6.485000133514404
1750885200,6.477700233459473
1750888800,6.467700004577637
1750896000,6.490099906921387
1750899600,6.492599964141846
1750903200,6.496600151062012
1750906800,6.496600151062012
1750914000,6.488500118255615
1750928400,6.506999969482422
1750935600,6.4899001121521
1750939200,6.486199855804443
1750942800,6.460599899291992
1750946400,6.447700023651123
1750950000,6.44789981842041
1750953600,6.449399948120117
1750957200,6.442299842834473
1750960800,6.438000202178955
1750964400,6.435400009155273
1750968000,6.422500133514404
1750971600,6.408100128173828
1750975200,6.4222002029418945
1750986000,6.410900115966797
1750989600,6.4079999923706055
1751004000,6.410799980163574
1751007600,6.418900012969971
1751014800,6.430799961090088
1751022000,6.427700042724609
1751025600,6.424699783325195
1751029200,6.437600135803223
1751032800,6.428100109100342
1751036400,6.4232001304626465
1751040000,6.4105000495910645
1751043600,6.419099807739258
1751047200,6.417500019073486
1751050800,6.415299892425537
1751054400,6.426599979400635
1751058000,6.419899940490723
1751238000,6.427499771118164
1751248800,6.420599937438965
1751252400,6.417500019073486
1751263200,6.44379997253418
1751266800,6.426799774169922
1751270400,6.4334001541137695
1751274000,6.432000160217285
1751284800,6.421999931335449
1751288400,6.413099765777588
1751292000,6.405300140380859
1751295600,6.389200210571289
1751299200,6.396399974822998
1751302800,6.396399974822998
1751306400,6.389200210571289
1751310000,6.398099899291992
1751313600,6.402299880981445
1751317200,6.3927998542785645
1751320800,6.400599956512451
1751331600,6.398499965667725
1751335200,6.4029998779296875
1751338800,6.4029998779296875
1751349600,6.391300201416016
1751360400,6.411399841308594
1751364000,6.409999847412109
1751367600,6.414299964904785
1751371200,6.41510009765625
1751374800,6.4274001121521
1751378400,6.420100212097168
1751382000,6.428500175476074
1751385600,6.413400173187256
1751389200,6.436100006103516
1751392800,6.437300205230713
1751396400,6.434700012207031
1751400000,6.443399906158447
1751403600,6.4380998611450195
1751407200,6.4421000480651855
1751425200,6.447999954223633
1751446800,6.4319000244140625
1751454000,6.414899826049805
1751457600,6.408699989318848
1751461200,6.424699783325195
1751464800,6.404900074005127
1751468400,6.397299766540527
1751472000,6.395500183105469
1751475600,6.405200004577637
1751479200,6.400100231170654
1751482800,6.393099784851074
1751486400,6.400000095367432
1751490000,6.39739990234375
1751493600,6.396100044250488
1751497200,6.403200149536133
1751504400,6.405600070953369
1751508000,6.401199817657471
1751522400,6.412600040435791
1751533200,6.391300201416016
1751536800,6.396999835968018
1751540400,6.391499996185303
1751544000,6.3796000480651855
1751547600,6.371799945831299
1751551200,6.356400012969971
1751554800,6.370500087738037
1751558400,6.364299774169922
1751562000,6.3719000816345215
1751565600,6.358399868011475
1751569200,6.349999904632568
1751572800,6.359000205993652
1751576400,6.3592000007629395
1751580000,6.36269998550415
1751598000,6.366399765014648
1751608800,6.388800144195557
1751619600,6.3730998039245605
1751626800,6.365499973297119
1751630400,6.379499912261963
1751634000,6.368599891662598
1751637600,6.367000102996826
1751641200,6.369200229644775
1751644800,6.369900226593018
1751648400,6.382400035858154
1751652000,6.386099815368652
1751655600,6.3871002197265625
1751659200,6.382999897003174
1751662800,6.3856000900268555
1751842800,6.385300159454346
1751853600,6.382199764251709
1751860800,6.378399848937988
1751864400,6.379799842834473
1751868000,6.38539981842041
1751878800,6.35699987411499
1751882400,6.356400012969971
1751886000,6.359099864959717
1751889600,6.389800071716309
1751893200,6.3892998695373535
1751896800,6.403500080108643
1751900400,6.413099765777588
1751904000,6.412799835205078
1751907600,6.4095001220703125
1751911200,6.422399997711182
1751914800,6.421500205993652
1751918400,6.422800064086914
1751922000,6.4217000007629395
1751925600,6.439199924468994
1751940000,6.44189977645874
1751943600,6.446400165557861
1751954400,6.446400165557861
1751961600,6.44920015335083
1751965200,6.438499927520752
1751972400,6.428999900817871
1751976000,6.396500110626221
1751979600,6.386300086975098
1751983200,6.387700080871582
1751986800,6.390600204467773
1751990400,6.39769983291626
1751994000,6.3871002197265625
1751997600,6.37470006942749
1752001200,6.382900238037109
1752004800,6.389100074768066
1752008400,6.3917999267578125
1752012000,6.389400005340576
1752026400,6.379199981689453
1752040800,6.385000228881836
1752051600,6.367700099945068
1752058800,6.368000030517578
1752062400,6.400599956512451
1752066000,6.391300201416016
1752069600,6.407400131225586
1752073200,6.390999794006348
1752076800,6.382999897003174
1752080400,6.416399955749512
1752084000,6.4257001876831055
1752087600,6.442999839782715
1752091200,6.53410005569458
1752094800,6.540500164031982
1752109200,6.553599834442139
1752112800,6.553299903869629
1752116400,6.550899982452393
1752120000,6.550000190734863
1752134400,6.547599792480469
1752148800,6.537099838256836
1752152400,6.477700233459473
1752156000,6.478600025177002
1752159600,6.473899841308594
1752163200,6.479499816894531
1752166800,6.4984002113342285
1752170400,6.491199970245361
1752174000,6.4868998527526855
1752177600,6.470600128173828
1752181200,6.473100185394287
1752184800,6.475900173187256
1752188400,6.475399971008301
1752195600,6.461400032043457
1752210000,6.460299968719482
1752213600,6.4583001136779785
1752224400,6.48799991607666
1752231600,6.46560001373291
1752235200,6.513800144195557
1752238800,6.533400058746338
1752242400,6.5152997970581055
1752246000,6.521399974822998
1752249600,6.502699851989746
1752253200,6.494200229644775
1752256800,6.481400012969971
1752260400,6.481800079345703
1752264000,6.481299877166748
1752267600,6.500800132751465
1752451200,6.49970006942749
1752454800,6.503699779510498
1752472800,6.469799995422363
1752483600,6.478499889373779
1752487200,6.500800132751465
1752490800,6.482600212097168
1752494400,6.492400169372559
1752498000,6.480299949645996
1752501600,6.499000072479248
1752505200,6.50540018081665
1752508800,6.496200084686279
1752512400,6.499199867248535
1752516000,6.51669979095459
1752519600,6.517600059509277
1752523200,6.5177998542785645
1752526800,6.513000011444092
1752530400,6.514100074768066
1752541200,6.520999908447266
1752544800,6.52269983291626
1752559200,6.519899845123291
1752566400,6.525599956512451
1752570000,6.523200035095215
1752577200,6.520299911499023
1752580800,6.482900142669678
1752584400,6.465199947357178
1752588000,6.452499866485596
1752591600,6.467299938201904
1752595200,6.489799976348877
1752598800,6.4653000831604
1752602400,6.45359992980957
1752606000,6.446000099182129
1752609600,6.446400165557861
1752613200,6.44189977645874
1752616800,6.447700023651123
1752620400,6.448800086975098
1752624000,6.449699878692627
1752627600,6.458700180053711
1752634800,6.452899932861328
1752645600,6.462699890136719
1752656400,6.461299896240234
1752660000,6.460299968719482
1752663600,6.458199977874756
1752667200,6.462699890136719
1752670800,6.465700149536133
1752674400,6.457499980926514
1752678000,6.473199844360352
1752681600,6.474599838256836
1752685200,6.458399772644043
1752688800,6.462399959564209
1752692400,6.469399929046631
1752696000,6.482100009918213
1752699600,6.478899955749512
1752703200,6.478400230407715
1752717600,6.468100070953369
1752721200,6.467100143432617
1752732000,6.434999942779541
1752742800,6.44950008392334
1752750000,6.436800003051758
1752753600,6.468500137329102
1752757200,6.4654998779296875
1752760800,6.443699836730957
1752764400,6.44920015335083
1752768000,6.450799942016602
1752771600,6.437900066375732
1752775200,6.42549991607666
1752778800,6.433300018310547
1752782400,6.4293999671936035
1752786000,6.434800148010254
1752789600,6.443699836730957
1752793200,6.444499969482422
1752796800,6.446199893951416
1752807600,6.451600074768066
1752818400,6.4380998611450195
1752829200,6.458799839019775
1752836400,6.457399845123291
1752840000,6.479499816894531
1752843600,6.456600189208984
1752847200,6.455599784851074
1752850800,6.473599910736084
1752854400,6.480800151824951
1752858000,6.485499858856201
1752861600,6.4994001388549805
1752865200,6.492000102996826
1752868800,6.4847002029418945
1752872400,6.487199783325195
1753077600,6.5015997886657715
1753088400,6.511000156402588
1753095600,6.5142998695373535
1753099200,6.489299774169922
1753102800,6.503799915313721
1753106400,6.500899791717529
1753110000,6.498300075531006
1753113600,6.500199794769287
1753117200,6.505099773406982
1753120800,6.50439977645874
1753124400,6.506700038909912
1753128000,6.511000156402588
1753131600,6.51140022277832
1753135200,6.509900093078613
1753138800,6.509799957275391
1753142400,6.5046000480651855
1753149600,6.507599830627441
1753153200,6.505799770355225
1753156800,6.506199836730957
1753164000,6.491099834442139
1753174800,6.507699966430664
1753182000,6.513700008392334
1753185600,6.517000198364258
1753189200,6.5258002281188965
1753192800,6.524400234222412
1753196400,6.52400016784668
1753200000,6.537300109863281
1753203600,6.535799980163574
1753207200,6.536900043487549
1753210800,6.542699813842773
1753214400,6.540500164031982
1753218000,6.539299964904785
1753221600,6.537700176239014
1753225200,6.532199859619141
1753239600,6.53410005569458
1753250400,6.520400047302246
1753261200,6.530200004577637
1753268400,6.525000095367432
1753272000,6.5208001136779785
1753275600,6.52370023727417
1753279200,6.5192999839782715
1753282800,6.511199951171875
1753286400,6.502600193023682
1753290000,6.495500087738037
1753293600,6.497300148010254
1753297200,6.499800205230713
1753300800,6.498300075531006
1753304400,6.4934000968933105
1753308000,6.494900226593018
1753336800,6.469799995422363
1753347600,6.4842000007629395
1753354800,6.484399795532227
1753358400,6.489299774169922
1753362000,6.515200138092041
1753365600,6.502999782562256
1753369200,6.496099948883057
1753372800,6.50570011138916
1753376400,6.507599830627441
1753380000,6.49429988861084
1753383600,6.489999771118164
1753387200,6.485799789428711
1753390800,6.4882001876831055
1753394400,6.487800121307373
1753416000,6.481599807739258
1753423200,6.470300197601318
1753430400,6.4704999923706055
1753434000,6.4822998046875
1753441200,6.475100040435791
1753444800,6.472700119018555
1753448400,6.48859977722168
1753452000,6.495699882507324
1753455600,6.526700019836426
1753459200,6.52209997177124
1753462800,6.5304999351501465
1753466400,6.5391998291015625
1753470000,6.531899929046631
1753473600,6.532599925994873
1753477200,6.53380012512207
1753668000,6.536099910736084
1753671600,6.533999919891357
1753682400,6.50600004196167
1753693200,6.498600006103516
1753700400,6.486599922180176
1753704000,6.494500160217285
1753707600,6.509200096130371
1753711200,6.503900051116943
1753714800,6.4953999519348145
1753718400,6.483099937438965
1753722000,6.492300033569336
1753725600,6.489799976348877
1753729200,6.482600212097168
1753732800,6.47629976272583
1753736400,6.476099967956543
1753740000,6.478600025177002
1753750800,6.477200031280518
1753754400,6.479599952697754
1753758000,6.479300022125244
1753768800,6.439499855041504
1753779600,6.480599880218506
1753786800,6.468900203704834
1753790400,6.447800159454346
1753794000,6.449999809265137
1753797600,6.445400238037109
1753801200,6.427700042724609
1753804800,6.428699970245361
1753808400,6.428699970245361
1753812000,6.428400039672852
1753815600,6.434000015258789
1753819200,6.435299873352051
1753822800,6.439599990844727
1753826400,6.4380998611450195
1753830000,6.4375
1753840800,6.446100234985352
1753844400,6.447299957275391
1753848000,6.4415998458862305
1753855200,6.432799816131592
1753866000,6.429599761962891
1753873200,6.424099922180176
1753876800,6.406199932098389
1753880400,6.414700031280518
1753884000,6.43310022354126
1753887600,6.443699836730957
1753891200,6.426300048828125
1753894800,6.425000190734863
1753898400,6.361700057983398
1753902000,6.377399921417236
1753905600,6.3516998291015625
1753909200,6.345099925994873
1753912800,6.36899995803833
1753920000,6.375999927520752
1753923600,6.3709001541137695
1753930800,6.368000030517578
1753941600,6.395599842071533
1753952400,6.362500190734863
1753959600,6.365799903869629
1753963200,6.3993000984191895
1753966800,6.410999774932861
1753970400,6.40500020980835
1753974000,6.386199951171875
1753977600,6.386000156402588
1753981200,6.396999835968018
1753984800,6.397200107574463
1753988400,6.39300012588501
1753992000,6.3907999992370605
1753995600,6.392300128936768
1753999200,6.3927001953125
1754006400,6.397900104522705
1754020800,6.392499923706055
1754028000,6.397900104522705
1754038800,6.383299827575684
1754046000,6.391600131988525
1754049600,6.40910005569458
1754053200,6.415500164031982
1754056800,6.41540002822876
1754060400,6.4079999923706055
1754064000,6.406000137329102
1754067600,6.398900032043457
1754071200,6.406400203704834
1754074800,6.416600227355957
1754078400,6.421500205993652
1754082000,6.419300079345703
1754262000,6.414700031280518
1754276400,6.4116997718811035
1754287200,6.446599960327148
1754298000,6.425099849700928
1754305200,6.423999786376953
1754308800,6.386199951171875
1754312400,6.366099834442139
1754316000,6.366600036621094
1754319600,6.378200054168701
1754323200,6.385900020599365
1754326800,6.38730001449585
1754330400,6.3730998039245605
1754334000,6.367599964141846
1754337600,6.36269998550415
1754341200,6.37470006942749
1754344800,6.379700183868408
1754362800,6.354599952697754
1754384400,6.360899925231934
1754391600,6.343299865722656
1754395200,6.366300106048584
1754398800,6.34660005569458
1754402400,6.373000144958496
1754406000,6.3755998611450195
1754409600,6.37529993057251
1754413200,6.372200012207031
1754416800,6.370299816131592
1754420400,6.370500087738037
1754424000,6.3744001388549805
1754427600,6.371399879455566
1754431200,6.369900226593018
1754438400,6.368299961090088
1754442000,6.367499828338623
1754445600,6.365799903869629
1754449200,6.369900226593018
1754456400,6.372600078582764
1754460000,6.386499881744385
1754470800,6.375800132751465
1754474400,6.389200210571289
1754478000,6.389900207519531
1754481600,6.378799915313721
1754485200,6.365900039672852
1754488800,6.372099876403809
1754492400,6.381100177764893
1754496000,6.369800090789795
1754499600,6.363100051879883
1754503200,6.37060022354126
1754506800,6.367099761962891
1754510400,6.369999885559082
1754514000,6.367300033569336
1754517600,6.365900039672852
1754528400,6.363800048828125
1754535600,6.365200042724609
1754539200,6.373499870300293
1754546400,6.388700008392334
1754557200,6.379300117492676
1754564400,6.360000133514404
1754568000,6.360799789428711
1754571600,6.357600212097168
1754575200,6.360099792480469
1754578800,6.352399826049805
1754582400,6.350299835205078
1754586000,6.352200031280518
1754589600,6.332200050354004
1754593200,6.320499897003174
1754596800,6.327499866485596
1754600400,6.317200183868408
1754604000,6.321499824523926
1754622000,6.313700199127197
1754632800,6.3445000648498535
1754650800,6.327300071716309
1754654400,6.32420015335083
1754658000,6.3225998878479
1754661600,6.325300216674805
1754665200,6.3231000900268555
1754668800,6.319300174713135
1754672400,6.327499866485596
1754676000,6.328700065612793
1754679600,6.327600002288818
1754683200,6.323200225830078
1754686800,6.322700023651123
1754870400,6.326000213623047
1754881200,6.341400146484375
1754892000,6.342700004577637
1754902800,6.326600074768066
1754910000,6.317999839782715
1754913600,6.337500095367432
1754917200,6.323699951171875
1754920800,6.320799827575684
1754924400,6.321000099182129
1754928000,6.31850004196167
1754931600,6.323299884796143
1754935200,6.319499969482422
1754938800,6.317500114440918
1754942400,6.322199821472168
1754946000,6.317200183868408
1754949600,6.319499969482422
1754953200,6.321700096130371
1754956800,6.321499824523926
1754960400,6.3242998123168945
1754964000,6.325099945068359
1754978400,6.325799942016602
1754985600,6.32859992980957
1754989200,6.31790018081665
1754996400,6.316500186920166
1755000000,6.297999858856201
1755003600,6.309500217437744
1755007200,6.305300235748291
1755010800,6.300600051879883
1755014400,6.30019998550415
1755018000,6.298299789428711
1755021600,6.289299964904785
1755025200,6.289999961853027
1755028800,6.289100170135498
1755032400,6.306300163269043
1755036000,6.291399955749512
1755039600,6.308000087738037
1755050400,6.312300205230713
1755054000,6.31220006942749
1755057600,6.311600208282471
1755064800,6.304100036621094
1755075600,6.3190999031066895
1755082800,6.3140997886657715
1755086400,6.299099922180176
1755090000,6.316400051116943
1755093600,6.319900035858154
1755097200,6.329400062561035
1755100800,6.32390022277832
1755104400,6.313300132751465
1755108000,6.320400238037109
1755111600,6.318699836730957
1755115200,6.317599773406982
1755118800,6.3094000816345215
1755122400,6.312300205230713
1755133200,6.316199779510498
1755140400,6.310400009155273
1755147600,6.310500144958496
1755151200,6.313799858093262
1755162000,6.298600196838379
1755169200,6.313799858093262
1755172800,6.302599906921387
1755176400,6.317200183868408
1755180000,6.296500205993652
1755183600,6.302599906921387
1755187200,6.302000045776367
1755190800,6.308199882507324
1755194400,6.297500133514404
1755198000,6.3078999519348145
1755201600,6.308300018310547
1755205200,6.303199768066406
1755208800,6.303699970245361
1755219600,6.309100151062012
1755226800,6.313300132751465
1755237600,6.315000057220459
1755248400,6.32289981842041
1755255600,6.321800231933594
1755259200,6.303699970245361
1755262800,6.313799858093262
1755266400,6.315499782562256
1755270000,6.317599773406982
1755273600,6.321700096130371
1755277200,6.317699909210205
1755280800,6.318900108337402
1755284400,6.315100193023682
1755288000,6.321800231933594
1755291600,6.321499824523926
1755471600,6.321800231933594
1755475200,6.323500156402588
1755482400,6.317999839782715
1755496800,6.309500217437744
1755507600,6.3094000816345215
1755511200,6.3078999519348145
1755514800,6.304599761962891
1755518400,6.319699764251709
1755522000,6.314499855041504
1755525600,6.315899848937988
1755529200,6.326099872589111
1755532800,6.333499908447266
1755536400,6.3333001136779785
1755540000,6.335899829864502
1755543600,6.338200092315674
1755547200,6.338399887084961
1755550800,6.34119987487793
1755554400,6.344299793243408
1755561600,6.341800212860107
1755565200,6.3302998542785645
1755568800,6.334700107574463
1755572400,6.336599826812744
1755583200,6.337699890136719
1755594000,6.3470001220703125
1755601200,6.3531999588012695
1755604800,6.3734002113342285
1755608400,6.391499996185303
1755612000,6.395999908447266
1755615600,6.383399963378906
1755619200,6.37939977645874
1755622800,6.388999938964844
1755626400,6.396299839019775
1755630000,6.407400131225586
1755633600,6.4120001792907715
1755637200,6.404699802398682
1755640800,6.395899772644043
1755648000,6.400599956512451
1755658800,6.398099899291992
1755669600,6.3790998458862305
1755680400,6.391600131988525
1755687600,6.394899845123291
1755691200,6.387499809265137
1755694800,6.381700038909912
1755698400,6.382299900054932
1755702000,6.3769001960754395
1755705600,6.374300003051758
1755709200,6.384799957275391
1755712800,6.3790998458862305
1755716400,6.376800060272217
1755720000,6.388000011444092
1755723600,6.373899936676025
1755727200,6.375100135803223
1755745200,6.375899791717529
1755748800,6.375500202178955
1755756000,6.350399971008301
1755766800,6.3780999183654785
1755770400,6.387599945068359
1755774000,6.382900238037109
1755777600,6.392199993133545
1755781200,6.362599849700928
1755784800,6.366799831390381
1755788400,6.372099876403809
1755792000,6.366099834442139
1755795600,6.362599849700928
1755799200,6.356599807739258
1755802800,6.35699987411499
1755806400,6.349899768829346
1755810000,6.344799995422363
1755813600,6.356100082397461
1755824400,6.345799922943115
1755828000,6.344799995422363
1755831600,6.34060001373291
1755842400,6.332699775695801
1755853200,6.349100112915039
1755860400,6.353400230407715
1755864000,6.343200206756592
1755867600,6.345099925994873
1755871200,6.3470001220703125
1755874800,6.351799964904785
1755878400,6.3592000007629395
1755882000,6.357800006866455
1755885600,6.355000019073486
1755889200,6.358699798583984
1755892800,6.354599952697754
1755896400,6.353000164031982
1756080000,6.343400001525879
1756083600,6.342400074005127
1756087200,6.344200134277344
1756101600,6.337900161743164
1756112400,6.345300197601318
1756119600,6.344600200653076
1756123200,6.348599910736084
1756126800,6.349999904632568
1756130400,6.321100234985352
1756134000,6.3105998039245605
1756137600,6.3007001876831055
1756141200,6.296800136566162
1756144800,6.289100170135498
1756148400,6.284999847412109
1756152000,6.289299964904785
1756155600,6.285699844360352
1756159200,6.286200046539307
1756162800,6.283999919891357
1756166400,6.300600051879883
1756177200,6.29040002822876
1756188000,6.272200107574463
1756198800,6.2972002029418945
1756202400,6.299600124359131
1756206000,6.308599948883057
1756209600,6.297999858856201
1756213200,6.308300018310547
1756216800,6.331500053405762
1756220400,6.331900119781494
1756224000,6.343599796295166
1756227600,6.335899829864502
1756231200,6.329800128936768
1756234800,6.3246002197265625
1756238400,6.323800086975098
1756242000,6.3246002197265625
1756245600,6.323500156402588
1756263600,6.31279993057251
1756267200,6.313199996948242
1756274400,6.293300151824951
1756285200,6.296599864959717
1756292400,6.2972002029418945
1756296000,6.30709981918335
1756299600,6.318600177764893
1756303200,6.312300205230713
1756306800,6.309199810028076
1756310400,6.314599990844727
1756314000,6.306600093841553
1756317600,6.30649995803833
1756321200,6.30210018157959
1756324800,6.303899765014648
1756328400,6.303999900817871
1756332000,6.307400226593018
1756335600,6.310100078582764
1756346400,6.3119001388549805
1756350000,6.313799858093262
1756360800,6.288400173187256
1756371600,6.313799858093262
1756378800,6.322400093078613
1756382400,6.313499927520752
1756386000,6.3221001625061035
1756389600,6.3125
1756393200,6.31850004196167
1756396800,6.312300205230713
1756400400,6.316999912261963
1756404000,6.317999839782715
1756407600,6.315199851989746
1756411200,6.3196001052856445
1756414800,6.325900077819824
1756418400,6.320499897003174
1756422000,6.324399948120117
1756425600,6.321100234985352
1756429200,6.314499855041504
1756436400,6.313700199127197
1756447200,6.3028998374938965
1756458000,6.312099933624268
1756465200,6.307400226593018
1756468800,6.32859992980957
1756472400,6.318600177764893
1756476000,6.346199989318848
1756479600,6.351399898529053
1756483200,6.352700233459473
1756486800,6.3470001220703125
1756490400,6.344699859619141
1756494000,6.34119987487793
1756497600,6.343699932098389
1756501200,6.348199844360352
1756695600,6.360300064086914
1756699200,6.347499847412109
1756706400,6.358399868011475
1756717200,6.357800006866455
1756724400,6.352399826049805
1756728000,6.344399929046631
1756731600,6.3516998291015625
1756735200,6.372300148010254
1756738800,6.370100021362305
1756742400,6.374300003051758
1756746000,6.3730998039245605
1756749600,6.371600151062012
1756753200,6.369900226593018
1756756800,6.370800018310547
1756760400,6.373600006103516
1756764000,6.37529993057251
1756774800,6.366099834442139
1756778400,6.362299919128418
1756792800,6.387800216674805
1756803600,6.329800128936768
1756810800,6.34119987487793
1756814400,6.385499954223633
1756818000,6.372200012207031
1756821600,6.366300106048584
1756825200,6.365200042724609
1756828800,6.343999862670898
1756832400,6.355599880218506
1756836000,6.36329984664917
1756839600,6.372499942779541
1756843200,6.361299991607666
1756846800,6.366399765014648
1756850400,6.366199970245361
1756861200,6.360099792480469
1756864800,6.358399868011475
1756868400,6.358099937438965
1756879200,6.376699924468994
1756890000,6.375
1756897200,6.372200012207031
1756900800,6.345900058746338
1756904400,6.348299980163574
1756908000,6.3460001945495605
1756911600,6.370200157165527
1756915200,6.377900123596191
1756918800,6.367400169372559
1756922400,6.3649001121521
1756926000,6.357100009918213
1756929600,6.356400012969971
1756933200,6.355800151824951
1756936800,6.365200042724609
1756940400,6.353099822998047
1756947600,6.36460018157959
1756951200,6.350599765777588
1756954800,6.361499786376953
1756958400,6.3618998527526855
1756965600,6.373000144958496
1756976400,6.355400085449219
1756983600,6.3566999435424805
1756987200,6.355299949645996
1756990800,6.349599838256836
1756994400,6.352799892425537
1756998000,6.364200115203857
1757001600,6.366000175476074
1757005200,6.348999977111816
1757008800,6.343100070953369
1757012400,6.344799995422363
1757016000,6.344399929046631
1757019600,6.345099925994873
1757023200,6.34250020980835
1757026800,6.3429999351501465
1757037600,6.353000164031982
1757041200,6.355100154876709
1757052000,6.368599891662598
1757062800,6.368199825286865
1757070000,6.362199783325195
1757073600,6.333000183105469
1757077200,6.324900150299072
1757080800,6.347899913787842
1757084400,6.347700119018555
1757088000,6.338399887084961
1757091600,6.333600044250488
1757095200,6.339300155639648
1757098800,6.3429999351501465
1757102400,6.3429999351501465
1757106000,6.344699859619141
1757296800,6.3404998779296875
1757300400,6.339000225067139
1757311200,6.352200031280518
1757322000,6.342199802398682
1757329200,6.3480000495910645
1757332800,6.35290002822876
1757336400,6.385300159454346
1757340000,6.38700008392334
1757343600,6.380099773406982
1757347200,6.380000114440918
1757350800,6.376999855041504
1757354400,6.374100208282471
1757358000,6.372000217437744
1757361600,6.374499797821045
1757365200,6.375100135803223
1757368800,6.377299785614014
1757372400,6.3805999755859375
1757376000,6.38129997253418
1757379600,6.384399890899658
1757383200,6.381199836730957
1757397600,6.382999897003174
1757401200,6.383900165557861
1757408400,6.377299785614014
1757415600,6.365900039672852
1757419200,6.37529993057251
1757422800,6.366300106048584
1757426400,6.35830020904541
1757430000,6.36269998550415
1757433600,6.368500232696533
1757437200,6.367199897766113
1757440800,6.35860013961792
1757444400,6.362199783325195
1757448000,6.3678998947143555
1757451600,6.36299991607666
1757455200,6.3597002029418945
1757458800,6.358099937438965
1757462400,6.356299877166748
1757473200,6.361400127410889
1757476800,6.36460018157959
1757480400,6.3653998374938965
1757484000,6.3607001304626465
1757491200,6.35830020904541
1757494800,6.361000061035156
1757502000,6.3592000007629395
1757505600,6.361999988555908
1757509200,6.341100215911865
1757512800,6.339399814605713
1757516400,6.335899829864502
1757520000,6.328199863433838
1757523600,6.324900150299072
1757527200,6.326300144195557
1757530800,6.325500011444092
1757534400,6.326000213623047
1757538000,6.321300029754639
1757541600,6.32450008392334
1757556000,6.319699764251709
1757559600,6.3196001052856445
1757570400,6.31790018081665
1757581200,6.316800117492676
1757588400,6.318299770355225
1757592000,6.330100059509277
1757595600,6.324699878692627
1757599200,6.309700012207031
1757602800,6.31279993057251
1757606400,6.317299842834473
1757610000,6.312699794769287
1757613600,6.323500156402588
1757617200,6.327199935913086
1757620800,6.3256001472473145
1757624400,6.324900150299072
1757628000,6.326300144195557
1757631600,6.32420015335083
1757635200,6.322199821472168
1757638800,6.320899963378906
1757649600,6.3196001052856445
1757653200,6.319300174713135
1757656800,6.326700210571289
1757667600,6.318299770355225
1757674800,6.317500114440918
1757678400,6.316800117492676
1757682000,6.289599895477295
1757685600,6.2895002365112305
1757689200,6.2754998207092285
1757692800,6.277400016784668
1757696400,6.27370023727417
1757700000,6.283599853515625
1757703600,6.282100200653076
1757707200,6.282199859619141
1757710800,6.272900104522705
1757890800,6.2754998207092285
1757905200,6.278600215911865
1757916000,6.272200107574463
1757926800,6.285900115966797
1757930400,6.291500091552734
1757934000,6.298399925231934
1757937600,6.2677998542785645
1757941200,6.262700080871582
1757944800,6.251500129699707
1757948400,6.252200126647949
1757952000,6.251800060272217
1757955600,6.255799770355225
1757959200,6.256899833679199
1757962800,6.258600234985352
1757966400,6.252399921417236
1757970000,6.255199909210205
1757973600,6.253600120544434
1757984400,6.251800060272217
1757988000,6.261099815368652
1757991600,6.261099815368652
1758013200,6.280600070953369
1758020400,6.282299995422363
1758024000,6.255199909210205
1758027600,6.281300067901611
1758031200,6.293399810791016
1758034800,6.279300212860107
1758038400,6.28879976272583
1758042000,6.2855000495910645
1758045600,6.290900230407715
1758049200,6.282700061798096
1758052800,6.284200191497803
1758056400,6.281799793243408
1758060000,6.284900188446045
1758067200,6.281499862670898
1758070800,6.279799938201904
1758074400,6.28000020980835
1758078000,6.280600070953369
1758088800,6.276899814605713
1758099600,6.278500080108643
1758106800,6.281599998474121
1758110400,6.275899887084961
1758114000,6.276100158691406
1758117600,6.281700134277344
1758121200,6.286099910736084
1758124800,6.292699813842773
1758128400,6.282400131225586
1758132000,6.276599884033203
1758135600,6.2667999267578125
1758139200,6.266600131988525
1758142800,6.2743000984191895
1758146400,6.275400161743164
1758153600,6.272600173950195
1758157200,6.265200138092041
1758160800,6.276199817657471
1758164400,6.274600028991699
1758168000,6.265699863433838
1758175200,6.244500160217285
1758182400,6.263000011444092
1758186000,6.280300140380859
1758193200,6.274799823760986
1758196800,6.240900039672852
1758200400,6.244100093841553
1758204000,6.242099761962891
1758207600,6.244500160217285
1758211200,6.244800090789795
1758214800,6.2428998947143555
1758218400,6.2505998611450195
1758222000,6.265399932861328
1758225600,6.259699821472168
1758229200,6.252999782562256
1758232800,6.248000144958496
1758236400,6.252900123596191
1758243600,6.247200012207031
1758247200,6.2494001388549805
1758250800,6.250500202178955
1758254400,6.245699882507324
1758258000,6.246799945831299
1758261600,6.2256999015808105
1758272400,6.238100051879883
1758279600,6.2342000007629395
1758283200,6.255199909210205
1758286800,6.264900207519531
1758290400,6.2540998458862305
1758294000,6.256999969482422
1758297600,6.252799987792969
1758301200,6.256400108337402
1758304800,6.247300148010254
1758308400,6.248799800872803
1758312000,6.2540998458862305
1758315600,6.246699810028076
1758495600,6.241799831390381
1758499200,6.239500045776367
1758502800,6.239799976348877
1758506400,6.237400054931641
1758510000,6.239500045776367
1758513600,6.23859977722168
1758528000,6.242599964141846
1758531600,6.25629997253418
1758538800,6.270299911499023
1758542400,6.280900001525879
1758546000,6.293300151824951
1758549600,6.303400039672852
1758553200,6.297800064086914
1758556800,6.303800106048584
1758560400,6.296599864959717
1758564000,6.295899868011475
1758567600,6.2982001304626465
1758571200,6.295599937438965
1758574800,6.296199798583984
1758578400,6.297500133514404
1758589200,6.303899765014648
1758592800,6.296999931335449
1758596400,6.296500205993652
1758607200,6.277200222015381
1758618000,6.303100109100342
1758625200,6.291299819946289
1758628800,6.297100067138672
1758632400,6.279399871826172
1758636000,6.260000228881836
1758639600,6.239999771118164
1758643200,6.243800163269043
1758646800,6.243100166320801
1758650400,6.239699840545654
1758654000,6.2378997802734375
1758657600,6.240300178527832
1758661200,6.241099834442139
1758664800,6.240900039672852
1758672000,6.235099792480469
1758675600,6.232399940490723
1758679200,6.231500148773193
1758682800,6.231800079345703
1758693600,6.2083001136779785
1758704400,6.215799808502197
1758711600,6.2067999839782715
1758715200,6.2322001457214355
1758718800,6.234600067138672
1758722400,6.232600212097168
1758726000,6.24399995803833
1758729600,6.23769998550415
1758733200,6.247000217437744
1758736800,6.252500057220459
1758740400,6.252900123596191
1758744000,6.256999969482422
1758747600,6.252500057220459
1758751200,6.260799884796143
1758758400,6.26230001449585
1758762000,6.259500026702881
1758765600,6.263599872589111
1758769200,6.264500141143799
1758780000,6.237100124359131
1758790800,6.256400108337402
1758798000,6.255499839782715
1758801600,6.227200031280518
1758805200,6.240099906921387
1758808800,6.247700214385986
1758812400,6.23769998550415
1758816000,6.238500118255615
1758819600,6.240499973297119
1758823200,6.250899791717529
1758826800,6.253799915313721
1758830400,6.256499767303467
1758834000,6.255499839782715
1758837600,6.258999824523926
1758841200,6.257699966430664
1758855600,6.264900207519531
1758859200,6.263599872589111
1758866400,6.241799831390381
1758877200,6.266600131988525
1758884400,6.261499881744385
1758888000,6.2515997886657715
1758891600,6.253799915313721
1758895200,6.251100063323975
1758898800,6.244200229644775
1758902400,6.245500087738037
1758906000,6.248300075531006
1758909600,6.248499870300293
1758913200,6.247799873352051
1758916800,6.252399921417236
1758920400,6.261099815368652
1759104000,6.270500183105469
1759107600,6.270699977874756
1759111200,6.27209997177124
1759136400,6.2571001052856445
1759143600,6.267300128936768
1759147200,6.252600193023682
1759150800,6.242499828338623
1759154400,6.245999813079834
1759158000,6.246799945831299
1759161600,6.236499786376953
1759165200,6.234099864959717
1759168800,6.231299877166748
1759172400,6.237400054931641
1759176000,6.239999771118164
1759179600,6.241700172424316
1759183200,6.230100154876709
1759190400,6.241499900817871
1759194000,6.2357001304626465
1759197600,6.23960018157959
1759201200,6.239099979400635
1759212000,6.257199764251709
1759219200,6.266200065612793
1759222800,6.241000175476074
1759230000,6.245500087738037
1759233600,6.247000217437744
1759237200,6.231900215148926
1759240800,6.257299900054932
1759244400,6.254799842834473
1759248000,6.250500202178955
1759251600,6.251500129699707
1759255200,6.244500160217285
1759258800,6.248000144958496
1759262400,6.243800163269043
1759266000,6.2403998374938965
1759269600,6.241700172424316
1759273200,6.244200229644775
1759284000,6.24429988861084
1759287600,6.243199825286865
1759298400,6.260200023651123
1759309200,6.247600078582764
1759316400,6.246200084686279
1759320000,6.239099979400635
1759323600,6.239299774169922
1759327200,6.249599933624268
1759330800,6.253499984741211
1759334400,6.253300189971924
1759338000,6.252200126647949
1759341600,6.24429988861084
1759345200,6.248000144958496
1759348800,6.250699996948242
1759352400,6.252299785614014
1759356000,6.253300189971924
1759359600,6.252999782562256
1759370400,6.255300045013428
1759374000,6.254799842834473
1759384800,6.2657999992370605
1759395600,6.255000114440918
1759402800,6.252299785614014
1759406400,6.252200126647949
1759410000,6.250100135803223
1759413600,6.261600017547607
1759417200,6.277200222015381
1759420800,6.2621002197265625
1759424400,6.264800071716309
1759428000,6.257900238037109
1759431600,6.254499912261963
1759435200,6.253499984741211
1759438800,6.25570011138916
1759442400,6.255300045013428
1759446000,6.256700038909912
1759453200,6.259399890899658
1759456800,6.257900238037109
1759460400,6.259300231933594
1759464000,6.258399963378906
1759471200,6.274899959564209
1759482000,6.265999794006348
1759485600,6.264400005340576
1759489200,6.263199806213379
1759492800,6.258200168609619
1759496400,6.2820000648498535
1759500000,6.28849983215332
1759503600,6.282800197601318
1759507200,6.268899917602539
1759510800,6.263800144195557
1759514400,6.258699893951416
1759518000,6.2617998123168945
1759521600,6.2631001472473145
1759525200,6.269599914550781
1759719600,6.257199764251709
1759730400,6.252999782562256
1759741200,6.222099781036377
1759748400,6.230899810791016
1759752000,6.219299793243408
1759755600,6.222099781036377
1759759200,6.235499858856201
1759762800,6.2220001220703125
1759766400,6.2221999168396
1759770000,6.224400043487549
1759773600,6.2204999923706055
1759777200,6.218400001525879
1759780800,6.21999979019165
1759784400,6.21999979019165
1759788000,6.220200061798096
1759798800,6.212699890136719
1759802400,6.216000080108643
1759806000,6.215199947357178
1759816800,6.217100143432617
1759827600,6.195199966430664
1759831200,6.19920015335083
1759834800,6.19379997253418
1759838400,6.225900173187256
1759842000,6.217700004577637
1759845600,6.227099895477295
1759849200,6.238699913024902
1759852800,6.23799991607666
1759856400,6.239200115203857
1759860000,6.237199783325195
1759863600,6.230000019073486
1759867200,6.23829984664917
1759870800,6.242599964141846
1759874400,6.237299919128418
1759885200,6.219299793243408
1759892400,6.223599910736084
1759896000,6.22189998626709
1759903200,6.223199844360352
1759914000,6.214200019836426
1759921200,6.221799850463867
1759924800,6.208899974822998
1759928400,6.212200164794922
1759932000,6.212100028991699
1759935600,6.203800201416016
1759939200,6.202199935913086
1759942800,6.208799839019775
1759946400,6.219399929046631
1759950000,6.213900089263916
1759953600,6.215400218963623
1759957200,6.203400135040283
1759960800,6.225100040435791
1759964400,6.205399990081787
1759978800,6.211999893188477
1759982400,6.232500076293945
1759986000,6.231800079345703
1760000400,6.218900203704834
1760007600,6.220099925994873
1760011200,6.200399875640869
1760014800,6.214600086212158
1760018400,6.212800025939941
1760022000,6.199399948120117
1760025600,6.204999923706055
1760029200,6.204899787902832
1760032800,6.207799911499023
1760036400,6.210299968719482
1760040000,6.2093000411987305
1760043600,6.21999979019165
1760058000,6.222099781036377
1760061600,6.222599983215332
1760065200,6.223999977111816
1760083200,6.233099937438965
1760094000,6.2220001220703125
1760097600,6.232800006866455
1760101200,6.296800136566162
1760104800,6.30079984664917
1760108400,6.3582000732421875
1760112000,6.366000175476074
1760115600,6.370200157165527
1760119200,6.386499881744385
1760122800,6.385499954223633
1760126400,6.413099765777588
1760130000,6.390999794006348
1760313600,6.420000076293945
1760317200,6.421599864959717
1760346000,6.3769001960754395
1760353200,6.385499954223633
1760356800,6.317999839782715
1760360400,6.3354997634887695
1760364000,6.3028998374938965
1760367600,6.309199810028076
1760371200,6.313600063323975
1760374800,6.303299903869629
1760378400,6.303500175476074
1760382000,6.313000202178955
1760385600,6.3242998123168945
1760389200,6.325699806213379
1760392800,6.305799961090088
1760400000,6.3196001052856445
1760403600,6.32420015335083
1760407200,6.324999809265137
1760418000,6.331399917602539
1760421600,6.304900169372559
1760432400,6.299699783325195
1760439600,6.315199851989746
1760443200,6.354599952697754
1760446800,6.376100063323975
1760450400,6.375800132751465
1760454000,6.355100154876709
1760457600,6.346700191497803
1760461200,6.340799808502197
1760464800,6.342599868774414
1760468400,6.350100040435791
1760472000,6.365099906921387
1760475600,6.3649001121521
1760479200,6.342599868774414
1760493600,6.373899936676025
1760497200,6.372300148010254
1760508000,6.356299877166748
1760518800,6.356299877166748
1760526000,6.352099895477295
1760529600,6.345699787139893
1760533200,6.3333001136779785
1760536800,6.317999839782715
1760540400,6.334000110626221
1760544000,6.335299968719482
1760547600,6.34250020980835
1760551200,6.34630012512207
1760554800,6.359099864959717
1760558400,6.351900100708008
1760562000,6.351200103759766
1760565600,6.347499847412109
1760569200,6.3470001220703125
1760572800,6.356800079345703
1760583600,6.355800151824951
1760594400,6.351500034332275
1760605200,6.355500221252441
1760612400,6.351600170135498
1760616000,6.353700160980225
1760619600,6.33650016784668
1760623200,6.33459997177124
1760626800,6.3403000831604
1760630400,6.3582000732421875
1760634000,6.366300106048584
1760637600,6.365600109100342
1760641200,6.359499931335449
1760644800,6.363699913024902
1760648400,6.36460018157959
1760652000,6.365300178527832
1760655600,6.368599891662598
1760666400,6.3730998039245605
1760670000,6.374899864196777
1760673600,6.375199794769287
1760680800,6.371699810028076
1760691600,6.370999813079834
1760698800,6.362199783325195
1760702400,6.367199897766113
1760706000,6.354800224304199
1760709600,6.334000110626221
1760713200,6.321800231933594
1760716800,6.320000171661377
1760720400,6.315400123596191
1760724000,6.304500102996826
1760727600,6.308899879455566
1760731200,6.302599906921387
1760734800,6.298699855804443
1760914800,6.300600051879883
1760929200,6.305200099945068
1760940000,6.293099880218506
1760943600,6.302299976348877
1760947200,6.302599906921387
1760950800,6.304599761962891
1760958000,6.30109977722168
1760961600,6.275000095367432
1760965200,6.26800012588501
1760968800,6.266300201416016
1760972400,6.258800029754639
1760976000,6.25570011138916
1760979600,6.256199836730957
1760983200,6.252699851989746
1760986800,6.250899791717529
1760990400,6.25600004196167
1760994000,6.256999969482422
1760997600,6.25600004196167
1761001200,6.256400108337402
1761008400,6.256800174713135
1761012000,6.251100063323975
1761015600,6.2515997886657715
1761026400,6.235599994659424
1761037200,6.239299774169922
1761040800,6.237100124359131
1761044400,6.243199825286865
1761048000,6.252500057220459
1761051600,6.267499923706055
1761055200,6.247600078582764
1761058800,6.240300178527832
1761062400,6.248799800872803
1761066000,6.246500015258789
1761069600,6.246699810028076
1761073200,6.252799987792969
1761076800,6.249300003051758
1761080400,6.252299785614014
1761084000,6.250400066375732
1761091200,6.253799915313721
1761094800,6.252699851989746
1761098400,6.254000186920166
1761112800,6.238100051879883
1761123600,6.248000144958496
1761127200,6.243199825286865
1761130800,6.241600036621094
1761134400,6.238500118255615
1761138000,6.249599933624268
1761141600,6.26230001449585
1761145200,6.261499881744385
1761148800,6.2758002281188965
1761152400,6.279699802398682
1761156000,6.272200107574463
1761159600,6.263199806213379
1761163200,6.269700050354004
1761166800,6.270100116729736
1761170400,6.271200180053711
1761177600,6.266499996185303
1761181200,6.265600204467773
1761184800,6.262499809265137
1761188400,6.262899875640869
1761199200,6.249899864196777
1761210000,6.267000198364258
1761213600,6.259099960327148
1761217200,6.257199764251709
1761220800,6.250100135803223
1761224400,6.245999813079834
1761228000,6.251100063323975
1761231600,6.251299858093262
1761235200,6.250999927520752
1761238800,6.2469000816345215
1761242400,6.249499797821045
1761246000,6.254899978637695
1761249600,6.248600006103516
1761253200,6.249000072479248
1761256800,6.250899791717529
1761260400,6.254000186920166
1761264000,6.255300045013428
1761271200,6.249100208282471
1761274800,6.249899864196777
1761285600,6.2322998046875
1761296400,6.244699954986572
1761303600,6.2505998611450195
1761307200,6.243899822235107
1761310800,6.250199794769287
1761314400,6.26170015335083
1761318000,6.256999969482422
1761321600,6.263299942016602
1761325200,6.267399787902832
1761328800,6.264800071716309
1761332400,6.27209997177124
1761336000,6.265900135040283
1761339600,6.263800144195557
1761534000,6.267000198364258
1761548400,6.245999813079834
1761555600,6.269999980926514
1761562800,6.279200077056885
1761566400,6.246500015258789
1761570000,6.256400108337402
1761573600,6.259699821472168
1761577200,6.257199764251709
1761580800,6.256800174713135
1761584400,6.249800205230713
1761588000,6.2540998458862305
1761591600,6.257599830627441
1761595200,6.2565999031066895
1761598800,6.251299858093262
1761602400,6.252099990844727
1761606000,6.26230001449585
1761613200,6.265399932861328
1761616800,6.267399787902832
1761620400,6.269599914550781
1761624000,6.271599769592285
1761642000,6.253399848937988
1761649200,6.260499954223633
1761652800,6.257900238037109
1761656400,6.251999855041504
1761660000,6.2571001052856445
1761663600,6.2505998611450195
1761667200,6.251200199127197
1761670800,6.249000072479248
1761674400,6.245200157165527
1761678000,6.246300220489502
1761681600,6.243599891662598
1761685200,6.243199825286865
1761688800,6.239999771118164
1761703200,6.239999771118164
1761706800,6.237500190734863
1761728400,6.230999946594238
1761735600,6.236400127410889
1761739200,6.223100185394287
1761742800,6.216100215911865
1761746400,6.222499847412109
1761750000,6.235400199890137
1761753600,6.22760009765625
1761757200,6.221199989318848
1761760800,6.214300155639648
1761764400,6.216599941253662
1761768000,6.218800067901611
1761771600,6.214399814605713
1761775200,6.21560001373291
1761786000,6.222899913787842
1761789600,6.224599838256836
1761793200,6.222400188446045
1761807600,6.200200080871582
1761814800,6.22599983215332
1761822000,6.211299896240234
1761825600,6.2241997718811035
1761829200,6.229700088500977
1761832800,6.229000091552734
1761836400,6.227200031280518
1761840000,6.226399898529053
1761843600,6.221499919891357
1761847200,6.219099998474121
1761850800,6.22160005569458
1761854400,6.222400188446045
1761858000,6.227099895477295
1761861600,6.218999862670898
1761868800,6.2291998863220215
1761872400,6.226600170135498
1761876000,6.2281999588012695
1761879600,6.229100227355957
1761894000,6.216800212860107
1761901200,6.219299793243408
1761908400,6.228300094604492
1761912000,6.2153000831604
1761915600,6.208700180053711
1761919200,6.21619987487793
1761922800,6.21589994430542
1761926400,6.198299884796143
1761930000,6.202700138092041
1761933600,6.196300029754639
1761937200,6.200699806213379
1761940800,6.202099800109863
1761944400,6.202400207519531
1762131600,6.196400165557861
1762135200,6.1992998123168945
1762138800,6.198599815368652
1762171200,6.167900085449219
1762174800,6.159299850463867
1762178400,6.162799835205078
1762182000,6.1768999099731445
1762185600,6.1778998374938965
1762189200,6.175099849700928
1762192800,6.171899795532227
1762196400,6.170400142669678
1762200000,6.172699928283691
1762203600,6.170899868011475
1762207200,6.171500205993652
1762210800,6.170199871063232
1762218000,6.162799835205078
1762221600,6.164899826049805
1762225200,6.167600154876709
1762228800,6.167200088500977
1762239600,6.1855998039245605
1762250400,6.1631999015808105
1762254000,6.159800052642822
1762257600,6.191500186920166
1762261200,6.194499969482422
1762264800,6.178999900817871
1762268400,6.183599948883057
1762272000,6.186999797821045
1762275600,6.194900035858154
1762279200,6.1975998878479
1762282800,6.196700096130371
1762286400,6.198500156402588
1762290000,6.198699951171875
1762293600,6.196599960327148
1762297200,6.198599815368652
1762308000,6.200699806213379
1762311600,6.200799942016602
1762326000,6.208399772644043
1762329600,6.210899829864502
1762336800,6.195899963378906
1762340400,6.202000141143799
1762344000,6.203700065612793
1762347600,6.179900169372559
1762351200,6.169600009918213
1762354800,6.15749979019165
1762358400,6.155099868774414
1762362000,6.153600215911865
1762365600,6.1529998779296875
1762369200,6.157899856567383
1762372800,6.1545000076293945
1762376400,6.159599781036377
1762380000,6.158899784088135
1762383600,6.161200046539307
1762387200,6.161399841308594
1762390800,6.167300224304199
1762394400,6.166100025177002
1762398000,6.168900012969971
1762401600,6.169400215148926
1762412400,6.174200057983398
1762423200,6.172100067138672
1762426800,6.171999931335449
1762430400,6.162799835205078
1762434000,6.154200077056885
1762437600,6.162399768829346
1762441200,6.1768999099731445
1762444800,6.179299831390381
1762448400,6.179299831390381
1762452000,6.179100036621094
1762455600,6.173699855804443
1762459200,6.178800106048584
1762462800,6.177599906921387
1762466400,6.17710018157959
1762470000,6.1793999671936035
1762480800,6.173500061035156
1762484400,6.171199798583984
1762488000,6.171599864959717
1762491600,6.171199798583984
1762498800,6.17579984664917
1762509600,6.177299976348877
1762513200,6.190000057220459
1762516800,6.195099830627441
1762520400,6.19980001449585
1762524000,6.195499897003174
1762527600,6.188600063323975
1762531200,6.185100078582764
1762534800,6.185999870300293
1762538400,6.174799919128418
1762542000,6.168900012969971
1762545600,6.170199871063232
1762549200,6.16540002822876
1762552800,6.173799991607666
1762732800,6.159299850463867
1762736400,6.162499904632568
1762740000,6.162499904632568
1762743600,6.160099983215332
1762758000,6.173600196838379
1762768800,6.1722002029418945
1762772400,6.174499988555908
1762776000,6.150100231170654
1762779600,6.151800155639648
1762783200,6.146100044250488
1762786800,6.14109992980957
1762790400,6.139900207519531
1762794000,6.133299827575684
1762797600,6.13100004196167
1762801200,6.134900093078613
1762804800,6.1296000480651855
1762808400,6.1143999099731445
1762812000,6.114999771118164
1762815600,6.131100177764893
1762819200,6.114699840545654
1762826400,6.112100124359131
1762830000,6.114200115203857
1762844400,6.129899978637695
1762855200,6.139699935913086
1762862400,6.122000217437744
1762866000,6.117700099945068
1762869600,6.1072998046875
1762873200,6.115300178527832
1762876800,6.116300106048584
1762880400,6.113999843597412
1762884000,6.110499858856201
1762887600,6.107699871063232
1762891200,6.108099937438965
1762894800,6.105199813842773
1762898400,6.106900215148926
1762902000,6.107399940490723
1762909200,6.103899955749512
1762920000,6.100599765777588
1762930800,6.103799819946289
1762934400,6.108500003814697
1762941600,6.0971999168396
1762945200,6.103099822998047
1762948800,6.099699974060059
1762952400,6.119200229644775
1762956000,6.131100177764893
1762959600,6.146100044250488
1762963200,6.137800216674805
1762966800,6.138000011444092
1762970400,6.135200023651123
1762974000,6.130899906158447
1762977600,6.133699893951416
1762981200,6.135499954223633
1762984800,6.135000228881836
1762988400,6.133800029754639
1762992000,6.130000114440918
1762999200,6.133399963378906
1763002800,6.133699893951416
1763006400,6.133299827575684
1763017200,6.138400077819824
1763028000,6.146100044250488
1763035200,6.128900051116943
1763038800,6.133399963378906
1763042400,6.145199775695801
1763046000,6.145699977874756
1763049600,6.156300067901611
1763053200,6.162399768829346
1763056800,6.165999889373779
1763060400,6.164100170135498
1763064000,6.164299964904785
1763067600,6.1631999015808105
1763071200,6.164700031280518
1763074800,6.158100128173828
1763092800,6.167699813842773
1763096400,6.168900012969971
1763103600,6.164299964904785
1763107200,6.1595001220703125
1763114400,6.153200149536133
1763118000,6.1579999923706055
1763121600,6.171999931335449
1763125200,6.17579984664917
1763128800,6.146200180053711
1763132400,6.126100063323975
1763136000,6.139500141143799
1763139600,6.135700225830078
1763143200,6.153200149536133
1763146800,6.15339994430542
1763150400,6.1554999351501465
1763154000,6.155099868774414
1763157600,6.154900074005127
1763344800,6.144800186157227
1763348400,6.143899917602539
1763352000,6.144999980926514
1763362800,6.140100002288818
1763370000,6.1427001953125
1763373600,6.146599769592285
1763377200,6.1442999839782715
1763380800,6.150599956512451
1763384400,6.15500020980835
1763388000,6.155700206756592
1763391600,6.1570000648498535
1763395200,6.154799938201904
1763398800,6.158100128173828
1763402400,6.16379976272583
1763406000,6.17579984664917
1763409600,6.174200057983398
1763413200,6.162600040435791
1763416800,6.162700176239014
1763420400,6.163400173187256
1763427600,6.177700042724609
1763431200,6.176799774169922
1763438400,6.18179988861084
1763452800,6.180799961090088
1763460000,6.156899929046631
1763463600,6.169899940490723
1763467200,6.193699836730957
1763470800,6.169099807739258
1763474400,6.185299873352051
1763478000,6.180500030517578
1763481600,6.15880012512207
1763485200,6.158299922943115
1763488800,6.160999774932861
1763492400,6.1616997718811035
1763496000,6.16510009765625
1763499600,6.156599998474121
1763503200,6.156799793243408
1763506800,6.157100200653076
1763510400,6.164100170135498
1763514000,6.160999774932861
1763517600,6.162099838256836
1763521200,6.1641998291015625
1763524800,6.162600040435791
1763535600,6.143700122833252
1763546400,6.151000022888184
1763553600,6.177499771118164
1763557200,6.173900127410889
1763560800,6.1596999168396
1763564400,6.160299777984619
1763568000,6.158400058746338
1763571600,6.15910005569458
1763575200,6.1468000411987305
1763578800,6.1483001708984375
1763582400,6.14769983291626
1763586000,6.1493000984191895
1763589600,6.150400161743164
1763604000,6.1402997970581055
1763607600,6.140399932861328
1763611200,6.139699935913086
1763622000,6.1427998542785645
1763625600,6.141200065612793
1763632800,6.1442999839782715
1763636400,6.1367998123168945
1763640000,6.134699821472168
1763643600,6.140600204467773
1763647200,6.139200210571289
1763650800,6.1427001953125
1763654400,6.144199848175049
1763658000,6.1596999168396
1763661600,6.1616997718811035
1763665200,6.1616997718811035
1763668800,6.143099784851074
1763672400,6.147900104522705
1763676000,6.144599914550781
1763679600,6.150599956512451
1763683200,6.148900032043457
1763686800,6.151800155639648
1763690400,6.151700019836426
1763694000,6.152200222015381
1763697600,6.152599811553955
1763708400,6.13640022277832
1763719200,6.137800216674805
1763726400,6.1722002029418945
1763730000,6.191100120544434
1763733600,6.212299823760986
1763737200,6.227200031280518
1763740800,6.201600074768066
1763744400,6.212100028991699
1763748000,6.217700004577637
1763751600,6.218800067901611
1763755200,6.221499919891357
1763758800,6.21999979019165
1763762400,6.2210001945495605
1763953200,6.222300052642822
1763956800,6.223100185394287
1763967600,6.202499866485596
1763974800,6.228899955749512
1763978400,6.231100082397461
1763982000,6.240600109100342
1763985600,6.2170000076293945
1763989200,6.231400012969971
1763992800,6.218100070953369
1763996400,6.218400001525879
1764000000,6.2170000076293945
1764003600,6.213200092315674
1764007200,6.214399814605713
1764010800,6.216800212860107
1764014400,6.2104997634887695
1764018000,6.212399959564209
1764021600,6.213500022888184
1764025200,6.207600116729736
1764028800,6.207699775695801
1764032400,6.211100101470947
1764036000,6.211599826812744
1764039600,6.206399917602539
1764043200,6.2042999267578125
1764054000,6.192800045013428
1764064800,6.221700191497803
1764068400,6.21999979019165
1764072000,6.20389986038208
1764075600,6.207200050354004
1764079200,6.249499797821045
1764082800,6.235599994659424
1764086400,6.2256999015808105
1764090000,6.232600212097168
1764093600,6.225100040435791
1764097200,6.227499961853027
1764100800,6.226600170135498
1764104400,6.225500106811523
1764108000,6.217700004577637
1764111600,6.222899913787842
1764115200,6.2245001792907715
1764118800,6.230899810791016
1764122400,6.233799934387207
1764126000,6.237599849700928
1764151200,6.2204999923706055
1764158400,6.230800151824951
1764162000,6.216100215911865
1764165600,6.221399784088135
1764169200,6.202199935913086
1764172800,6.200900077819824
1764176400,6.190499782562256
1764180000,6.188499927520752
1764183600,6.182400226593018
1764187200,6.184000015258789
1764190800,6.183000087738037
1764194400,6.189700126647949
1764198000,6.185800075531006
1764201600,6.185500144958496
1764208800,6.186399936676025
1764212400,6.187300205230713
1764226800,6.1605000495910645
1764234000,6.153299808502197
1764237600,6.181300163269043
1764241200,6.183700084686279
1764244800,6.197199821472168
1764248400,6.19980001449585
1764252000,6.208399772644043
1764255600,6.2017998695373535
1764259200,6.198500156402588
1764262800,6.200900077819824
1764266400,6.2083001136779785
1764270000,6.204899787902832
1764273600,6.208000183105469
1764277200,6.2104997634887695
1764280800,6.20989990234375
1764295200,6.2042999267578125
1764298800,6.2042999267578125
1764313200,6.20359992980957
1764324000,6.195199966430664
1764327600,6.192500114440918
1764331200,6.1793999671936035
1764334800,6.173900127410889
1764338400,6.172699928283691
1764342000,6.194699764251709
1764345600,6.195099830627441
1764349200,6.193299770355225
1764352800,6.184599876403809
1764356400,6.188000202178955
1764360000,6.186500072479248
1764363600,6.18209981918335
1764367200,6.181399822235107
1764554400,6.188000202178955
1764558000,6.188399791717529
1764561600,6.189700126647949
1764586800,6.19950008392334
1764590400,6.220399856567383
1764594000,6.224400043487549
1764597600,6.210000038146973
1764601200,6.214700222015381
1764604800,6.221499919891357
1764608400,6.223800182342529
1764612000,6.222899913787842
1764615600,6.221099853515625
1764619200,6.217100143432617
1764622800,6.2164998054504395
1764626400,6.218999862670898
1764630000,6.217899799346924
1764637200,6.219399929046631
1764640800,6.220300197601318
1764644400,6.219399929046631
1764648000,6.219600200653076
1764658800,6.23360013961792
1764669600,6.215099811553955
1764676800,6.225200176239014
1764680400,6.209799766540527
1764684000,6.202600002288818
1764687600,6.1981000900268555
1764691200,6.195700168609619
1764694800,6.189199924468994
1764698400,6.1915998458862305
1764702000,6.192699909210205
1764705600,6.193299770355225
1764709200,6.19290018081665
1764712800,6.198800086975098
1764716400,6.194499969482422
1764720000,6.195000171661377
1764727200,6.19950008392334
1764734400,6.199900150299072
1764745200,6.219600200653076
1764756000,6.218699932098389
1764763200,6.208399772644043
1764766800,6.1971001625061035
1764770400,6.1880998611450195
1764774000,6.184100151062012
1764777600,6.192200183868408
1764781200,6.195400238037109
1764784800,6.195300102233887
1764788400,6.203100204467773
1764792000,6.195499897003174
1764795600,6.196100234985352
1764799200,6.194399833679199
1764802800,6.191500186920166
1764806400,6.189300060272217
1764820800,6.18720006942749
1764831600,6.19920015335083
1764842400,6.19290018081665
1764846000,6.199900150299072
1764849600,6.193900108337402
1764853200,6.175099849700928
1764856800,6.177700042724609
1764860400,6.1774001121521
1764864000,6.177499771118164
1764867600,6.188300132751465
1764871200,6.188499927520752
1764874800,6.186299800872803
1764878400,6.184500217437744
1764882000,6.1819000244140625
1764885600,6.184800148010254
1764889200,6.182300090789795
1764892800,6.184999942779541
1764896400,6.186600208282471
1764900000,6.1880998611450195
1764903600,6.1859002113342285
1764907200,6.1880998611450195
1764918000,6.199900150299072
1764925200,6.195400238037109
1764928800,6.186399936676025
1764936000,6.182499885559082
1764939600,6.197199821472168
1764943200,6.223700046539307
1764946800,6.260000228881836
1764950400,6.3003997802734375
1764954000,6.304500102996826
1764957600,6.377099990844727
1764961200,6.326600074768066
1764964800,6.346399784088135
1764968400,6.332399845123291
1765152000,6.335000038146973
1765159200,6.338200092315674
1765162800,6.338900089263916
1765177200,6.375500202178955
1765180800,6.374899864196777
1765188000,6.364699840545654
1765191600,6.3668999671936035
1765195200,6.3078999519348145
1765198800,6.279900074005127
1765202400,6.310299873352051
1765206000,6.332300186157227
1765209600,6.326900005340576
1765213200,6.320099830627441
1765216800,6.303299903869629
1765220400,6.309100151062012
1765224000,6.322700023651123
1765227600,6.30649995803833
1765231200,6.320700168609619
1765234800,6.306300163269043
1765242000,6.325799942016602
1765245600,6.325099945068359
1765249200,6.325900077819824
1765263600,6.312399864196777
1765267200,6.3155999183654785
1765274400,6.308800220489502
1765281600,6.351799964904785
1765285200,6.3643999099731445
1765288800,6.353099822998047
1765292400,6.315800189971924
1765296000,6.325500011444092
1765299600,6.3302001953125
1765303200,6.321300029754639
1765306800,6.319799900054932
1765310400,6.322500228881836
1765314000,6.322500228881836
1765317600,6.316699981689453
1765321200,6.317500114440918
1765324800,6.317800045013428
1765328400,6.315499782562256
1765332000,6.315800189971924
1765335600,6.316100120544434
1765350000,6.333600044250488
1765353600,6.338900089263916
1765357200,6.330100059509277
1765360800,6.327300071716309
1765364400,6.327099800109863
1765368000,6.33489990234375
1765371600,6.351399898529053
1765375200,6.364099979400635
1765378800,6.376699924468994
1765382400,6.372799873352051
1765386000,6.389699935913086
1765389600,6.389800071716309
1765393200,6.377999782562256
1765396800,6.39739990234375
1765400400,6.399400234222412
1765404000,6.396999835968018
1765407600,6.414100170135498
1765414800,6.402200222015381
1765418400,6.3983001708984375
1765422000,6.398099899291992
1765429200,6.395299911499023
1765436400,6.411099910736084
1765447200,6.417099952697754
1765450800,6.423699855804443
1765454400,6.380099773406982
1765458000,6.36870002746582
1765461600,6.364099979400635
1765465200,6.355100154876709
1765468800,6.3572001457214355
1765472400,6.366300106048584
1765476000,6.344699859619141
1765479600,6.348800182342529
1765483200,6.34689998626709
1765486800,6.335599899291992
1765490400,6.345600128173828
1765494000,6.3358001708984375
1765497600,6.345699787139893
1765501200,6.343599796295166
1765504800,6.344299793243408
1765537200,6.3368000984191895
1765540800,6.339600086212158
1765544400,6.317500114440918
1765548000,6.318299770355225
1765551600,6.355299949645996
1765555200,6.345600128173828
1765558800,6.344799995422363
1765562400,6.346799850463867
1765566000,6.35290002822876
1765569600,6.361599922180176
1765573200,6.360899925231934
1765576800,6.361599922180176
1765756800,6.357100009918213
1765760400,6.362199783325195
1765764000,6.361000061035156
1765800000,6.3379998207092285
1765803600,6.332900047302246
1765807200,6.363699913024902
1765810800,6.354100227355957
1765814400,6.35890007019043
1765818000,6.359399795532227
1765821600,6.366499900817871
1765825200,6.366700172424316
1765828800,6.366499900817871
1765832400,6.369800090789795
1765836000,6.369999885559082
1765839600,6.370800018310547
1765843200,6.361000061035156
1765846800,6.361499786376953
1765850400,6.372300148010254
1765854000,6.372200012207031
1765868400,6.36359977722168
1765875600,6.36870002746582
1765879200,6.373199939727783
1765882800,6.377500057220459
1765886400,6.3968000411987305
1765890000,6.4045000076293945
1765893600,6.430200099945068
1765897200,6.43149995803833
1765900800,6.427000045776367
1765904400,6.422399997711182
1765908000,6.421599864959717
1765911600,6.424600124359131
1765915200,6.426700115203857
1765918800,6.47189998626709
1765922400,6.471399784088135
1765926000,6.4730000495910645
1765933200,6.471399784088135
1765936800,6.4670000076293945
1765940400,6.466700077056885
1765944000,6.464099884033203
1765951200,6.396500110626221
1765965600,6.39870023727417
1765969200,6.398099899291992
1765972800,6.443399906158447
1765976400,6.453000068664551
1765980000,6.451700210571289
1765983600,6.488999843597412
1765987200,6.491499900817871
1765990800,6.476399898529053
1765994400,6.480999946594238
1765998000,6.481900215148926
1766001600,6.474800109863281
1766005200,6.480899810791016
1766008800,6.479899883270264
1766012400,6.4816999435424805
1766016000,6.481200218200684
1766019600,6.482999801635742
1766026800,6.4791998863220215
1766030400,6.479800224304199
1766037600,6.48199987411499
1766041200,6.464300155639648
1766052000,6.469099998474121
1766055600,6.470600128173828
1766059200,6.504199981689453
1766062800,6.501800060272217
1766066400,6.488999843597412
1766070000,6.459799766540527
1766073600,6.467299938201904
1766077200,6.46560001373291
1766080800,6.464300155639648
1766084400,6.474800109863281
1766088000,6.472099781036377
1766091600,6.473599910736084
1766095200,6.467100143432617
1766098800,6.474599838256836
1766106000,6.473400115966797
1766109600,6.472499847412109
1766113200,6.47189998626709
1766124000,6.464000225067139
1766127600,6.441999912261963
1766138400,6.461900234222412
1766142000,6.467899799346924
1766145600,6.48360013961792
1766149200,6.466300010681152
1766152800,6.455900192260742
1766156400,6.4496002197265625
1766160000,6.458399772644043
1766163600,6.478600025177002
1766167200,6.482699871063232
1766170800,6.482399940490723
1766174400,6.494100093841553
1766178000,6.473800182342529
1766181600,6.476099967956543
1766368800,6.49429988861084
1766372400,6.492700099945068
1766383200,6.478400230407715
1766397600,6.487599849700928
1766401200,6.488699913024902
1766404800,6.491799831390381
1766408400,6.5
1766412000,6.517399787902832
1766415600,6.541600227355957
1766419200,6.548999786376953
1766422800,6.572400093078613
1766426400,6.560400009155273
1766430000,6.564000129699707
1766433600,6.5731000900268555
1766437200,6.566100120544434
1766440800,6.575200080871582
1766444400,6.567200183868408
1766448000,6.579100131988525
1766451600,6.582200050354004
1766455200,6.585000038146973
1766458800,6.5843000411987305
1766469600,6.571300029754639
1766484000,6.586900234222412
1766487600,6.586599826812744
1766491200,6.5904998779296875
1766494800,6.572500228881836
1766498400,6.536300182342529
1766502000,6.528800010681152
1766505600,6.5243000984191895
1766509200,6.520100116729736
1766512800,6.522500038146973
1766516400,6.520500183105469
1766520000,6.517000198364258
1766523600,6.510499954223633
1766527200,6.510900020599365
1766530800,6.530799865722656
1766541600,6.514100074768066
1766545200,6.506999969482422
1766548800,6.507900238037109
1766556000,6.533599853515625
1766559600,6.506400108337402
1766566800,6.51140022277832
1766570400,6.51140022277832
1766577600,6.510499954223633
1766581200,6.50570011138916
1766584800,6.507500171661377
1766588400,6.506499767303467
1766592000,6.487800121307373
1766595600,6.498899936676025
1766599200,6.501699924468994
1766602800,6.503600120544434
1766606400,6.522799968719482
1766610000,6.5218000411987305
1766638800,6.501100063323975
1766642400,6.501100063323975
1766710800,6.5065999031066895
1766714400,6.506100177764893
1766746800,6.523799896240234
1766750400,6.543499946594238
1766754000,6.54640007019043
1766757600,6.527699947357178
1766761200,6.5177001953125
1766764800,6.514599800109863
1766768400,6.518499851226807
1766772000,6.525199890136719
1766775600,6.5279998779296875
1766779200,6.526199817657471
1766782800,6.525700092315674
1766786400,6.526199817657471
1766970000,6.533199787139893
1766973600,6.531099796295166
1766977200,6.527500152587891
1766980800,6.5254998207092285
1766988000,6.521900177001953
1766991600,6.503200054168701
1766995200,6.500899791717529
1767002400,6.53000020980835
1767006000,6.5258002281188965
1767009600,6.539999961853027
1767013200,6.565899848937988
1767016800,6.566199779510498
1767020400,6.5472002029418945
1767024000,6.561600208282471
1767027600,6.5569000244140625
1767031200,6.562699794769287
1767034800,6.552800178527832
1767038400,6.555500030517578
1767042000,6.5584001541137695
1767045600,6.568699836730957
1767049200,6.557300090789795
1767052800,6.558199882507324
1767063600,6.55810022354126
1767067200,6.55810022354126
1767074400,6.5725998878479
1767078000,6.538300037384033
1767088800,6.569200038909912
1767092400,6.5665998458862305
1767096000,6.498700141906738
1767099600,6.468299865722656
1767103200,6.5100998878479
1767106800,6.465099811553955
1767110400,6.518899917602539
1767114000,6.447000026702881
1767117600,6.4517998695373535
1767121200,6.445000171661377
1767124800,6.435299873352051
1767128400,6.433800220489502
1767150000,6.43179988861084
1767153600,6.428999900817871
1767189600,6.4243998527526855
1767193200,6.427199840545654
1767204000,6.426499843597412
1767207600,6.430200099945068
1767211200,6.435400009155273
1767214800,6.433300018310547
1767218400,6.433199882507324
1767301200,6.435400009155273
1767304800,6.434899806976318
1767319200,6.440299987792969
1767322800,6.442999839782715
1767326400,6.443299770355225
1767355200,6.368500232696533
1767358800,6.359099864959717
1767362400,6.374599933624268
1767366000,6.390500068664551
1767369600,6.369200229644775
1767373200,6.357500076293945
1767376800,6.354100227355957
1767380400,6.350299835205078
1767384000,6.357100009918213
1767387600,6.3491997718811035
1767391200,6.355100154876709
1767571200,6.347499847412109
1767574800,6.344600200653076
1767578400,6.342800140380859
1767585600,6.330699920654297
1767596400,6.352099895477295
1767607200,6.3358001708984375
1767610800,6.332200050354004
1767614400,6.352200031280518
1767618000,6.3531999588012695
1767621600,6.347799777984619
1767625200,6.333700180053711
1767628800,6.33650016784668
1767632400,6.322800159454346
1767636000,6.329599857330322
1767639600,6.336599826812744
1767643200,6.338799953460693
1767646800,6.340199947357178
1767650400,6.337500095367432
1767654000,6.327400207519531
1767657600,6.33459997177124
1767661200,6.339000225067139
1767672000,6.344799995422363
1767675600,6.344399929046631
1767679200,6.337299823760986
1767682800,6.3491997718811035
1767693600,6.325799942016602
1767697200,6.323400020599365
1767700800,6.31790018081665
1767704400,6.312900066375732
1767708000,6.286600112915039
1767711600,6.280399799346924
1767715200,6.275000095367432
1767718800,6.280700206756592
1767722400,6.278299808502197
1767726000,6.287499904632568
1767729600,6.283100128173828
1767733200,6.27810001373291
1767736800,6.282400131225586
1767740400,6.278299808502197
1767744000,6.278900146484375
1767747600,6.2804999351501465
1767751200,6.282899856567383
1767758400,6.281199932098389
1767762000,6.280799865722656
1767765600,6.2835001945495605
1767769200,6.2870001792907715
1767780000,6.277900218963623
1767783600,6.281300067901611
1767787200,6.292099952697754
1767790800,6.295599937438965
1767794400,6.304599761962891
1767798000,6.301499843597412
1767801600,6.30109977722168
1767805200,6.303599834442139
1767808800,6.291500091552734
1767812400,6.291600227355957
1767816000,6.292900085449219
1767819600,6.292399883270264
1767823200,6.291900157928467
1767826800,6.287799835205078
1767830400,6.287600040435791
1767834000,6.288099765777588
1767841200,6.289100170135498
1767852000,6.29010009765625
1767855600,6.2982001304626465
1767866400,6.287099838256836
1767870000,6.287199974060059
1767873600,6.279300212860107
1767877200,6.284299850463867
1767880800,6.2829999923706055
1767884400,6.289000034332275
1767888000,6.276599884033203
1767891600,6.2692999839782715
1767895200,6.279799938201904
1767898800,6.277299880981445
1767902400,6.275700092315674
1767906000,6.287300109863281
1767909600,6.286399841308594
1767913200,6.285699844360352
1767916800,6.279300212860107
1767920400,6.279099941253662
1767924000,6.279099941253662
1767927600,6.279300212860107
1767938400,6.281099796295166
1767942000,6.286900043487549
1767952800,6.276100158691406
1767956400,6.272200107574463
1767960000,6.270699977874756
1767963600,6.242499828338623
1767967200,6.237400054931641
1767970800,6.229800224304199
1767974400,6.228499889373779
1767978000,6.239799976348877
1767981600,6.241000175476074
1767985200,6.242099761962891
1767988800,6.242300033569336
1767992400,6.245999813079834
1767996000,6.241300106048584
1768176000,6.263999938964844
1768179600,6.262700080871582
1768186800,6.260200023651123
1768197600,6.259200096130371
1768201200,6.27269983291626
1768212000,6.269499778747559
1768215600,6.263700008392334
1768219200,6.256999969482422
1768222800,6.287899971008301
1768226400,6.272200107574463
1768230000,6.271900177001953
1768233600,6.264900207519531
1768237200,6.264400005340576
1768240800,6.267000198364258
1768244400,6.267199993133545
1768248000,6.267899990081787
1768251600,6.270599842071533
1768255200,6.265699863433838
1768258800,6.265699863433838
1768273200,6.267099857330322
1768276800,6.270400047302246
1768280400,6.269100189208984
1768284000,6.259900093078613
1768287600,6.265200138092041
1768298400,6.2657999992370605
1768302000,6.265399932861328
1768305600,6.2729997634887695
1768309200,6.274799823760986
1768312800,6.269000053405762
1768316400,6.264800071716309
1768320000,6.270999908447266
1768323600,6.2677998542785645
1768327200,6.268099784851074
1768330800,6.2631001472473145
1768334400,6.257500171661377
1768338000,6.254899978637695
1768341600,6.26200008392334
1768345200,6.256199836730957
1768348800,6.2540998458862305
1768352400,6.252600193023682
1768356000,6.251100063323975
1768359600,6.257599830627441
1768363200,6.257500171661377
1768370400,6.264900207519531
1768374000,6.261199951171875
1768384800,6.267000198364258
1768388400,6.265399932861328
1768392000,6.265500068664551
1768395600,6.2571001052856445
1768399200,6.262700080871582
1768402800,6.281300067901611
1768406400,6.26800012588501
1768410000,6.274899959564209
1768413600,6.280200004577637
1768417200,6.283199787139893
1768420800,6.277699947357178
1768424400,6.281700134277344
1768428000,6.284299850463867
1768431600,6.284900188446045
1768438800,6.280900001525879
1768442400,6.280799865722656
1768446000,6.281099796295166
1768456800,6.2769999504089355
1768460400,6.272200107574463
1768471200,6.280300140380859
1768474800,6.275100231170654
1768478400,6.26039981842041
1768482000,6.265600204467773
1768485600,6.254799842834473
1768489200,6.235199928283691
1768492800,6.2221999168396
1768496400,6.226399898529053
1768500000,6.222799777984619
1768503600,6.233699798583984
1768507200,6.231900215148926
1768510800,6.220799922943115
1768514400,6.2307000160217285
1768518000,6.219699859619141
1768521600,6.229300022125244
1768525200,6.230100154876709
1768528800,6.23199987411499
1768532400,6.233099937438965
1768536000,6.232800006866455
1768543200,6.219200134277344
1768546800,6.216300010681152
1768557600,6.222300052642822
1768561200,6.225800037384033
1768564800,6.248199939727783
1768568400,6.244500160217285
1768572000,6.253900051116943
1768575600,6.239999771118164
1768579200,6.232100009918213
1768582800,6.231500148773193
1768586400,6.226500034332275
1768590000,6.229899883270264
1768593600,6.228899955749512
1768597200,6.225900173187256
1768600800,6.22790002822876
1768780800,6.244999885559082
1768784400,6.2403998374938965
1768788000,6.236800193786621
1768791600,6.238800048828125
1768802400,6.242099761962891
1768806000,6.2434000968933105
1768809600,6.242199897766113
1768816800,6.2399001121521
1768820400,6.23829984664917
1768824000,6.2418999671936035
1768827600,6.241099834442139
1768831200,6.2480998039245605
1768834800,6.239099979400635
1768838400,6.235099792480469
1768842000,6.235000133514404
1768845600,6.245800018310547
1768849200,6.244800090789795
1768852800,6.246799945831299
1768856400,6.245299816131592
1768860000,6.246500015258789
1768863600,6.25
1768867200,6.249499797821045
1768870800,6.249800205230713
1768874400,6.252900123596191
1768878000,6.258999824523926
1768881600,6.259399890899658
1768888800,6.258299827575684
1768892400,6.260000228881836
1768903200,6.285299777984619
1768906800,6.296999931335449
1768910400,6.308499813079834
1768914000,6.328400135040283
1768917600,6.301400184631348
1768921200,6.28849983215332
1768924800,6.29449987411499
1768928400,6.302599906921387
1768932000,6.315499782562256
1768935600,6.300000190734863
1768939200,6.2993998527526855
1768942800,6.304100036621094
1768946400,6.302599906921387
1768950000,6.311399936676025
1768953600,6.299799919128418
1768957200,6.3144001960754395
1768960800,6.3053998947143555
1768964400,6.297299861907959
1768975200,6.311200141906738
1768978800,6.296500205993652
1768989600,6.290299892425537
1768993200,6.309700012207031
1768996800,6.284999847412109
1769000400,6.2795000076293945
1769004000,6.242499828338623
1769007600,6.234000205993652
1769011200,6.229700088500977
1769014800,6.234600067138672
1769018400,6.221799850463867
1769022000,6.218800067901611
1769025600,6.213099956512451
1769029200,6.217199802398682
1769032800,6.212600231170654
1769036400,6.212500095367432
1769043600,6.217599868774414
1769047200,6.216300010681152
1769050800,6.218100070953369
1769061600,6.216700077056885
1769065200,6.203499794006348
1769076000,6.216599941253662
1769079600,6.2210001945495605
1769083200,6.216700077056885
1769086800,6.234399795532227
1769090400,6.229899883270264
1769094000,6.21750020980835
1769097600,6.219399929046631
1769101200,6.2129998207092285
1769104800,6.205900192260742
1769108400,6.204599857330322
1769112000,6.2104997634887695
1769115600,6.211699962615967
1769119200,6.215799808502197
1769122800,6.211299896240234
1769126400,6.21019983291626
1769137200,6.206099987030029
1769140800,6.207300186157227
1769144400,6.210000038146973
1769148000,6.204599857330322
1769151600,6.186399936676025
1769162400,6.198999881744385
1769166000,6.206200122833252
1769169600,6.2129998207092285
1769173200,6.212900161743164
1769176800,6.222099781036377
1769180400,6.21589994430542
1769184000,6.232600212097168
1769187600,6.236800193786621
1769191200,6.236100196838379
1769194800,6.241300106048584
1769198400,6.247700214385986
1769202000,6.25600004196167
1769205600,6.257599830627441
1769385600,6.2733001708984375
1769389200,6.274899959564209
1769392800,6.2779998779296875
1769407200,6.2708001136779785
1769421600,6.273799896240234
1769425200,6.270500183105469
1769428800,6.260499954223633
1769432400,6.261300086975098
1769436000,6.261899948120117
1769439600,6.257800102233887
1769443200,6.267600059509277
1769446800,6.257400035858154
1769450400,6.26609992980957
1769454000,6.273200035095215
1769457600,6.273200035095215
1769461200,6.273200035095215
1769464800,6.264900207519531
1769468400,6.271299839019775
1769479200,6.281199932098389
1769482800,6.276899814605713
1769493600,6.261899948120117
1769508000,6.268899917602539
1769511600,6.2692999839782715
1769515200,6.269199848175049
1769518800,6.2571001052856445
1769522400,6.2652997970581055
1769526000,6.24560022354126
1769529600,6.24399995803833
1769533200,6.242700099945068
1769536800,6.241499900817871
1769540400,6.231500148773193
1769544000,6.248799800872803
1769547600,6.237299919128418
1769551200,6.242099761962891
1769554800,6.232999801635742
1769558400,6.229599952697754
1769562000,6.2230000495910645
1769565600,6.217899799346924
1769583600,6.222300052642822
1769590800,6.219699859619141
1769594400,6.237299919128418
1769598000,6.236999988555908
1769601600,6.207600116729736
1769605200,6.193600177764893
1769608800,6.206900119781494
1769612400,6.224100112915039
1769616000,6.2241997718811035
1769619600,6.213799953460693
1769623200,6.223700046539307
1769626800,6.214799880981445
1769630400,6.206999778747559
1769634000,6.208199977874756
1769637600,6.213500022888184
1769641200,6.219200134277344
1769644800,6.2230000495910645
1769648400,6.217700004577637
1769652000,6.2230000495910645
1769670000,6.226099967956543
1769680800,6.215400218963623
1769688000,6.2153000831604
1769691600,6.197000026702881
1769695200,6.2006001472473145
1769698800,6.2480998039245605
1769702400,6.22760009765625
1769706000,6.22760009765625
1769709600,6.210100173950195
1769713200,6.202700138092041
1769716800,6.207799911499023
1769720400,6.216400146484375
1769724000,6.17579984664917
1769731200,6.2006001472473145
1769734800,6.193600177764893
1769738400,6.189300060272217
1769742000,6.187600135803223
1769767200,6.149499893188477
1769770800,6.198699951171875
1769774400,6.224100112915039
1769778000,6.2393999099731445
1769781600,6.213600158691406
1769785200,6.221199989318848
1770058800,6.197199821472168
1770062400,6.196800231933594
1770066000,6.200099945068359
1770069600,6.201900005340576
1770073200,6.205399990081787
1770076800,6.209000110626221
1770080400,6.214000225067139
1770084000,6.210599899291992
1770087600,6.2133002281188965
1770091200,6.214099884033203
1770098400,6.214399814605713
1770102000,6.225100040435791
1770112800,6.204500198364258
1770116400,6.20419979095459
1770120000,6.1682000160217285
1770123600,6.152699947357178
1770127200,6.156799793243408
1770130800,6.164100170135498
1770134400,6.1717000007629395
1770138000,6.18310022354126
1770141600,6.187699794769287
1770145200,6.19789981842041
1770148800,6.192500114440918
1770152400,6.192500114440918
1770156000,6.1905999183654785
1770159600,6.189899921417236
1770163200,6.1894001960754395
1770170400,6.194200038909912
1770177600,6.197700023651123
1770184800,6.196400165557861
1770188400,6.202700138092041
1770199200,6.187600135803223
1770202800,6.1875
1770206400,6.170100212097168
1770210000,6.167900085449219
1770213600,6.19189977645874
1770217200,6.1921000480651855
1770220800,6.196100234985352
1770224400,6.199699878692627
1770228000,6.202700138092041
1770231600,6.197800159454346
1770235200,6.191500186920166
1770238800,6.1844000816345215
1770242400,6.204699993133545
1770246000,6.183300018310547
1770249600,6.18310022354126
1770253200,6.184700012207031
1770256800,6.179299831390381
1770260400,6.1757001876831055
1770274800,6.203800201416016
1770285600,6.196800231933594
1770289200,6.196899890899658
1770292800,6.212500095367432
1770296400,6.1956000328063965
1770300000,6.182400226593018
1770303600,6.218999862670898
1770307200,6.210400104522705
1770310800,6.2017998695373535
1770314400,6.196700096130371
1770318000,6.1946001052856445
1770321600,6.212500095367432
1770325200,6.208899974822998
1770328800,6.209799766540527
1770332400,6.208499908447266
1770346800,6.212500095367432
1770357600,6.196400165557861
1770361200,6.19379997253418
1770379200,6.18120002746582
1770382800,6.184500217437744
1770386400,6.179999828338623
1770390000,6.172800064086914
1770393600,6.161799907684326
1770397200,6.1545000076293945
1770400800,6.165299892425537
1770404400,6.168099880218506
1770408000,6.168300151824951
1770411600,6.163700103759766
1770415200,6.162399768829346
1770606000,6.167600154876709
1770609600,6.168600082397461
1770613200,6.1717000007629395
1770616800,6.182600021362305
1770620400,6.179699897766113
1770631200,6.189599990844727
1770634800,6.195700168609619
1770638400,6.184800148010254
1770642000,6.199100017547607
1770645600,6.184800148010254
1770649200,6.171000003814697
1770652800,6.173299789428711
1770656400,6.182799816131592
1770660000,6.185100078582764
1770663600,6.184000015258789
1770667200,6.184199810028076
1770670800,6.187600135803223
1770674400,6.185699939727783
1770678000,6.182000160217285
1770685200,6.1834001541137695
1770688800,6.183199882507324
1770692400,6.191100120544434
1770703200,6.181700229644775
1770706800,6.177299976348877
1770717600,6.184100151062012
1770721200,6.179999828338623
1770724800,6.186800003051758
1770728400,6.191100120544434
1770732000,6.190800189971924
1770735600,6.1975998878479
1770739200,6.184000015258789
1770742800,6.190000057220459
1770746400,6.188799858093262
1770750000,6.1834001541137695
1770753600,6.182199954986572
1770757200,6.17549991607666
1770760800,6.180600166320801
1770764400,6.186600208282471
1770771600,6.182400226593018
1770775200,6.190000057220459
1770778800,6.1894001960754395
1770782400,6.190299987792969
1770789600,6.200399875640869
1770793200,6.19290018081665
1770804000,6.200699806213379
1770807600,6.198999881744385
1770811200,6.168900012969971
1770814800,6.148799896240234
1770818400,6.146200180053711
1770822000,6.154200077056885
1770825600,6.151100158691406
1770829200,6.155099868774414
1770832800,6.159999847412109
1770836400,6.162199974060059
1770840000,6.154300212860107
1770843600,6.151000022888184
1770847200,6.153200149536133
1770850800,6.155099868774414
1770854400,6.154099941253662
1770861600,6.155099868774414
1770865200,6.151400089263916
1770868800,6.151400089263916
1770876000,6.1483001708984375
1770879600,6.143400192260742
1770890400,6.158100128173828
1770894000,6.1585001945495605
1770897600,6.144999980926514
1770901200,6.143099784851074
1770904800,6.129300117492676
1770908400,6.142000198364258
1770912000,6.165999889373779
1770915600,6.1656999588012695
1770919200,6.175099849700928
1770922800,6.1691999435424805
1770926400,6.181300163269043
1770930000,6.186800003051758
1770933600,6.186200141906738
1770937200,6.177800178527832
1770944400,6.184000015258789
1770948000,6.186800003051758
1770951600,6.186600208282471
1770962400,6.171299934387207
1770966000,6.163700103759766
1770976800,6.171000003814697
1770980400,6.171599864959717
1770984000,6.190700054168701
1770987600,6.198400020599365
1770991200,6.22189998626709
1770994800,6.206699848175049
1770998400,6.204999923706055
1771002000,6.19980001449585
1771005600,6.202700138092041
1771009200,6.203800201416016
1771012800,6.201300144195557
1771016400,6.199699878692627
1771020000,6.1992998123168945
1771207200,6.1975998878479
1771210800,6.1996002197265625
1771225200,6.184599876403809
1771236000,6.198200225830078
1771239600,6.197199821472168
1771250400,6.192800045013428
1771254000,6.19189977645874
1771257600,6.190899848937988
1771261200,6.189599990844727
1771264800,6.189899921417236
1771268400,6.191800117492676
1771272000,6.190999984741211
1771279200,6.191299915313721
1771282800,6.190100193023682
1771290000,6.186800003051758
1771293600,6.186500072479248
1771297200,6.185500144958496
1771322400,6.186699867248535
1771326000,6.186200141906738
1771329600,6.181700229644775
1771333200,6.18310022354126
1771336800,6.1859002113342285
1771340400,6.18179988861084
1771344000,6.180099964141846
1771351200,6.190700054168701
1771354800,6.188899993896484
1771358400,6.189300060272217
1771362000,6.190800189971924
1771365600,6.190499782562256
1771369200,6.191999912261963
1771380000,6.1869001388549805
1771383600,6.184700012207031
1771387200,6.184199810028076
1771398000,6.170000076293945
1771408800,6.184599876403809
1771412400,6.181600093841553
1771416000,6.174300193786621
1771419600,6.175099849700928
1771423200,6.170899868011475
1771426800,6.174300193786621
1771430400,6.157700061798096
1771434000,6.169899940490723
1771437600,6.181600093841553
1771441200,6.180200099945068
1771444800,6.1691999435424805
1771448400,6.178400039672852
1771452000,6.178899765014648
1771455600,6.171500205993652
1771459200,6.172900199890137
1771462800,6.175099849700928
1771466400,6.173099994659424
1771470000,6.172699928283691
1771473600,6.17140007019043
1771480800,6.18720006942749
1771484400,6.174300193786621
1771495200,6.182799816131592
1771498800,6.167200088500977
1771502400,6.154799938201904
1771506000,6.139699935913086
1771509600,6.146599769592285
1771513200,6.135700225830078
1771516800,6.144000053405762
1771520400,6.1545000076293945
1771524000,6.150199890136719
1771527600,6.148900032043457
1771531200,6.136499881744385
1771534800,6.133299827575684
1771538400,6.133399963378906
1771542000,6.131700038909912
1771545600,6.132199764251709
1771549200,6.126999855041504
1771552800,6.12529993057251
1771556400,6.125
1771567200,6.1417999267578125
1771570800,6.126100063323975
1771581600,6.143099784851074
1771585200,6.146299839019775
1771588800,6.138599872589111
1771592400,6.123300075531006
1771596000,6.116600036621094
1771599600,6.112400054931641
1771603200,6.109300136566162
1771606800,6.113699913024902
1771610400,6.101799964904785
1771614000,6.0971999168396
1771617600,6.100599765777588
1771621200,6.097499847412109
1771624800,6.098599910736084
1771808400,6.121399879455566
1771812000,6.121799945831299
1771815600,6.119100093841553
1771826400,6.120699882507324
1771830000,6.100599765777588
1771840800,6.105999946594238
1771844400,6.103000164031982
1771848000,6.103099822998047
1771851600,6.092899799346924
1771855200,6.070899963378906
1771858800,6.079699993133545
1771862400,6.07889986038208
1771866000,6.087299823760986
1771869600,6.092700004577637
1771873200,6.0929999351501465
1771876800,6.0903000831604
1771880400,6.095799922943115
1771884000,6.095900058746338
1771887600,6.0991997718811035
1771891200,6.096399784088135
1771894800,6.0929999351501465
1771898400,6.09250020980835
1771912800,6.083000183105469
1771927200,6.085599899291992
1771930800,6.0833001136779785
1771934400,6.093999862670898
1771938000,6.09630012512207
1771941600,6.088099956512451
1771945200,6.067999839782715
1771948800,6.065100193023682
1771952400,6.071400165557861
1771956000,6.0644001960754395
1771959600,6.071700096130371
1771963200,6.069499969482422
1771966800,6.067599773406982
1771970400,6.067999839782715
1771974000,6.0609002113342285
1771977600,6.068900108337402
1771981200,6.069399833679199
1771984800,6.075200080871582
1771988400,6.074100017547607
1771999200,6.076399803161621
1772013600,6.067399978637695
1772017200,6.0609002113342285
1772020800,6.043499946594238
1772024400,6.058300018310547
1772028000,6.069799900054932
1772031600,6.072800159454346
1772035200,6.062600135803223
1772038800,6.0569000244140625
1772042400,6.055300235748291
1772046000,6.048500061035156
1772049600,6.047100067138672
1772053200,6.052199840545654
1772056800,6.053599834442139
1772060400,6.057700157165527
1772067600,6.060699939727783
1772074800,6.056000232696533
1772078400,6.05620002746582
1772085600,6.060699939727783
1772089200,6.034200191497803
1772100000,6.0493998527526855
1772103600,6.052199840545654
1772107200,6.064499855041504
1772110800,6.058700084686279
1772114400,6.081699848175049
1772118000,6.0690999031066895
1772121600,6.071199893951416
1772125200,6.07450008392334
1772128800,6.057499885559082
1772132400,6.06279993057251
1772136000,6.063300132751465
1772139600,6.061100006103516
1772143200,6.060800075531006
1772157600,6.060400009155273
1772161200,6.066999912261963
1772172000,6.066500186920166
1772186400,6.0644001960754395
1772190000,6.065299987792969
1772193600,6.08050012588501
1772197200,6.087600231170654
1772200800,6.081900119781494
1772204400,6.059500217437744
1772208000,6.070300102233887
1772211600,6.070499897003174
1772215200,6.070899963378906
1772218800,6.071400165557861
1772222400,6.058599948883057
1772226000,6.067399978637695
1772229600,6.067699909210205
1772409600,6.0355000495910645
1772413200,6.048699855804443
1772416800,6.046800136566162
1772420400,6.048699855804443
1772424000,6.045100212097168
1772445600,6.03249979019165
1772449200,6.026100158691406
1772452800,6.081900119781494
1772456400,6.082399845123291
1772460000,6.07919979095459
1772463600,6.071800231933594
1772467200,6.065999984741211
1772470800,6.049699783325195
1772474400,6.046999931335449
1772478000,6.048299789428711
1772481600,6.048299789428711
1772485200,6.045100212097168
1772488800,6.04449987411499
1772492400,6.0482001304626465
1772496000,6.046599864959717
1772499600,6.049900054931641
1772503200,6.0447001457214355
1772517600,6.033999919891357
1772521200,6.041500091552734
1772532000,6.000800132751465
1772535600,5.999800205230713
1772539200,6.087600231170654
1772542800,6.100200176239014
1772546400,6.139900207519531
1772550000,6.143499851226807
1772553600,6.123899936676025
1772557200,6.124000072479248
1772560800,6.1132001876831055
1772564400,6.113800048828125
1772568000,6.122399806976318
1772571600,6.127500057220459
1772575200,6.110000133514404
1772578800,6.110599994659424
1772589600,6.120699882507324
1772593200,6.130499839782715
1772607600,6.130199909210205
1772618400,6.121200084686279
1772622000,6.122200012207031
1772625600,6.083099842071533
1772629200,6.06689977645874
1772632800,6.0559000968933105
1772636400,6.054100036621094
1772640000,6.061600208282471
1772643600,6.074699878692627
1772647200,6.063399791717529
1772650800,6.0725998878479
1772654400,6.087900161743164
1772658000,6.087399959564209
1772661600,6.066100120544434
1772665200,6.067399978637695
1772672400,6.088699817657471
1772679600,6.07480001449585
1772683200,6.072800159454346
1772686800,6.0731000900268555
1772690400,6.051400184631348
1772694000,6.0619001388549805
1772704800,6.071100234985352
1772712000,6.0954999923706055
1772715600,6.085700035095215
1772719200,6.078400135040283
1772722800,6.087200164794922
1772726400,6.093599796295166
1772730000,6.091899871826172
1772733600,6.117400169372559
1772737200,6.120999813079834
1772740800,6.1057000160217285
1772744400,6.110400199890137
1772748000,6.110300064086914
1772751600,6.110199928283691
1772755200,6.111599922180176
1772766000,6.116600036621094
1772769600,6.116600036621094
1772776800,6.1331000328063965
1772791200,6.116099834442139
1772794800,6.116300106048584
1772798400,6.1178998947143555
1772802000,6.124800205230713
1772805600,6.126500129699707
1772809200,6.112400054931641
1772812800,6.116199970245361
1772816400,6.121200084686279
1772820000,6.1041998863220215
1772823600,6.089700222015381
1772827200,6.079800128936768
1772830800,6.091599941253662
1772834400,6.1168999671936035
1773018000,6.040500164031982
1773036000,6.079400062561035
1773039600,6.094299793243408
1773046800,6.082900047302246
1773050400,6.082799911499023
1773054000,6.087900161743164
1773057600,6.0665998458862305
1773061200,6.039000034332275
1773064800,6.025700092315674
1773068400,6.041200160980225
1773072000,6.039999961853027
1773075600,6.041500091552734
1773079200,6.025899887084961
1773082800,6.002799987792969
1773086400,5.998700141906738
1773090000,6.009200096130371
1773093600,6.051799774169922
1773108000,5.998499870300293
1773111600,5.9980998039245605
1773115200,6.042900085449219
1773122400,6.053699970245361
1773126000,6.072400093078613
1773133200,6.065000057220459
1773136800,6.060800075531006
1773140400,6.060400009155273
1773144000,6.011099815368652
1773147600,6.018799781799316
1773151200,6.001800060272217
1773154800,5.991799831390381
1773158400,5.9934000968933105
1773162000,5.987800121307373
1773165600,5.986100196838379
1773169200,5.99370002746582
1773172800,5.989299774169922
1773176400,5.99560022354126
1773180000,5.9807000160217285
1773183600,5.98199987411499
1773190800,6.002500057220459
1773194400,6.0005998611450195
1773198000,6.004499912261963
1773208800,5.993899822235107
1773212400,5.986100196838379
1773219600,5.974100112915039
1773226800,5.977200031280518
1773230400,5.993500232696533
1773234000,5.980500221252441
1773237600,5.971499919891357
1773241200,5.9664998054504395
1773244800,5.970600128173828
1773248400,5.979499816894531
1773252000,5.967400074005127
1773255600,5.972400188446045
1773259200,5.964099884033203
1773262800,5.963200092315674
1773266400,5.9552001953125
1773270000,5.950699806213379
1773273600,5.9496002197265625
1773277200,5.956099987030029
1773280800,5.953700065612793
1773284400,5.949900150299072
1773295200,5.956600189208984
1773298800,5.957099914550781
1773306000,5.960599899291992
1773309600,5.958000183105469
1773316800,5.97189998626709
1773320400,6.007999897003174
1773324000,6.010300159454346
1773327600,6.00629997253418
1773331200,5.995100021362305
1773334800,6.0177001953125
1773338400,6.018499851226807
1773342000,6.03879976272583
1773345600,6.040200233459473
1773349200,6.041500091552734
1773352800,6.041800022125244
1773356400,6.022799968719482
1773360000,6.044099807739258
1773363600,6.041200160980225
1773367200,6.039999961853027
1773370800,6.037499904632568
1773381600,6.008699893951416
1773385200,5.988800048828125
1773392400,5.991300106048584
1773396000,5.991199970245361
1773399600,6.018199920654297
1773403200,6.007800102233887
1773406800,5.98960018157959
1773410400,6.020899772644043
1773414000,6.04610013961792
1773417600,6.040200233459473
1773421200,6.056300163269043
1773424800,6.0594000816345215
1773428400,6.076399803161621
1773432000,6.077600002288818
1773435600,6.084199905395508
1773619200,6.104499816894531
1773622800,6.101900100708008
1773626400,6.10099983215332
1773630000,6.102099895477295
1773651600,6.06879997253418
1773658800,6.085299968719482
1773662400,6.039700031280518
1773666000,6.043900012969971
1773669600,6.053899765014648
1773673200,6.047299861907959
1773676800,6.048099994659424
1773680400,6.041399955749512
1773684000,6.0254998207092285
1773687600,6.0177001953125
1773691200,6.017899990081787
1773694800,6.022299766540527
1773698400,6.0142998695373535
1773702000,6.017000198364258
1773709200,6.014599800109863
1773712800,6.016600131988525
1773727200,6.0081000328063965
1773730800,6.008600234985352
1773738000,6.026000022888184
1773741600,6.021599769592285
1773745200,6.016900062561035
1773748800,6.000199794769287
1773752400,5.997499942779541
1773756000,5.995299816131592
1773759600,5.990600109100342
1773763200,5.993899822235107
1773766800,5.977700233459473
1773770400,5.9980998039245605
1773774000,5.998899936676025
1773777600,5.992599964141846
1773781200,5.9969000816345215
1773784800,5.9984002113342285
1773788400,5.9980998039245605
1773795600,5.996200084686279
1773799200,5.988699913024902
1773802800,5.994900226593018
1773813600,5.99970006942749
1773817200,5.9822001457214355
1773824400,5.997799873352051
1773828000,5.998300075531006
1773831600,5.998199939727783
1773835200,6.018199920654297
1773838800,6.002399921417236
1773842400,5.992300033569336
1773846000,5.98960018157959
1773849600,5.989099979400635
1773853200,5.990200042724609
1773856800,5.99459981918335
1773860400,6.013000011444092
1773864000,6.031400203704834
1773867600,6.018099784851074
1773878400,6.022299766540527
1773882000,6.023799896240234
1773885600,6.030600070953369
1773889200,6.023799896240234
1773900000,5.987599849700928
1773910800,5.995999813079834
1773914400,5.988999843597412
1773918000,6.01800012588501
1773921600,6.066800117492676
1773925200,6.060500144958496
1773928800,6.041900157928467
1773932400,6.037899971008301
1773936000,6.055799961090088
1773939600,6.057499885559082
1773943200,6.065100193023682
1773946800,6.042699813842773
1773950400,6.052499771118164
1773954000,6.0507001876831055
1773957600,6.044400215148926
1773964800,6.041299819946289
1773972000,6.037799835205078
1773975600,6.034599781036377
1773990000,6.059100151062012
1773993600,6.05709981918335
1773997200,6.059800148010254
1774000800,6.057300090789795
1774004400,6.070799827575684
1774008000,6.067299842834473
1774011600,6.099699974060059
1774015200,6.113100051879883
1774018800,6.1066999435424805
1774022400,6.118199825286865
1774026000,6.127299785614014
1774029600,6.142199993133545
1774033200,6.137400150299072
1774036800,6.151899814605713
1774040400,6.14739990234375
1774044000,6.154399871826172
1774224000,6.133399963378906
1774245600,6.131800174713135
1774249200,6.1149001121521
1774256400,6.124199867248535
1774260000,6.111599922180176
1774263600,6.147500038146973
1774267200,6.10890007019043
1774270800,6.104899883270264
1774274400,6.081900119781494
1774278000,6.079899787902832
1774281600,6.076200008392334
1774285200,6.060500144958496
1774288800,6.078499794006348
1774292400,6.082600116729736
1774296000,6.078000068664551
1774299600,6.0690999031066895
1774303200,6.069200038909912
1774306800,6.075399875640869
1774310400,6.065199851989746
1774314000,6.059899806976318
1774317600,6.0625
1774321200,6.062600135803223
1774332000,6.056600093841553
1774335600,6.057700157165527
1774342800,6.053400039672852
1774346400,6.057199954986572
1774350000,6.054200172424316
1774353600,6.100100040435791
1774357200,6.092700004577637
1774360800,6.09660005569458
1774364400,6.087900161743164
1774368000,6.093800067901611
1774371600,6.09630012512207
1774375200,6.093500137329102
1774378800,6.092400074005127
1774382400,6.066100120544434
1774386000,6.075200080871582
1774393200,6.077499866485596
1774396800,6.084000110626221
1774400400,6.077899932861328
1774404000,6.071000099182129
1774407600,6.071800231933594
1774418400,6.102099895477295
1774422000,6.083899974822998
1774432800,6.104100227355957
1774440000,6.063799858093262
1774443600,6.0671000480651855
1774447200,6.03879976272583
1774450800,6.041200160980225
1774454400,6.0345001220703125
1774458000,6.032899856567383
1774461600,6.039400100708008
1774465200,6.036900043487549
1774468800,6.039599895477295
1774472400,6.041500091552734
1774476000,6.0295000076293945
1774479600,6.041100025177002
1774483200,6.039000034332275
1774486800,6.043600082397461
1774490400,6.043000221252441
1774494000,6.04610013961792
1774504800,6.032299995422363
1774508400,6.031499862670898
1774515600,6.027699947357178
1774519200,6.028299808502197
1774522800,6.012800216674805
1774526400,6.047299861907959
1774530000,6.030600070953369
1774533600,6.041900157928467
1774537200,6.037399768829346
1774540800,6.0493998527526855
1774544400,6.053500175476074
1774548000,6.035600185394287
1774551600,6.053599834442139
1774555200,6.0441999435424805
1774558800,6.040599822998047
1774562400,6.0406999588012695
1774566000,6.041900157928467
1774569600,6.03879976272583
1774573200,6.041900157928467
1774576800,6.043300151824951
1774591200,6.041399955749512
1774594800,6.009099960327148
1774602000,6.033899784088135
1774605600,6.033299922943115
1774609200,6.027900218963623
1774612800,6.052700042724609
1774616400,6.041800022125244
1774620000,6.0381999015808105
1774623600,6.028800010681152
1774627200,6.031199932098389
1774630800,6.037399768829346
1774634400,6.037199974060059
1774638000,6.036799907684326
1774641600,6.031300067901611
1774645200,6.031400203704834
1774836000,6.031300067901611
1774839600,6.033899784088135
1774846800,6.0391998291015625
1774861200,6.025599956512451
1774864800,6.026199817657471
1774868400,6.023099899291992
1774872000,6.005799770355225
1774875600,6.008699893951416
1774879200,6.003799915313721
1774882800,5.997799873352051
1774886400,6.010499954223633
1774890000,6.018700122833252
1774893600,6.017499923706055
1774897200,6.014599800109863
1774900800,6.015100002288818
1774904400,6.0192999839782715
1774908000,6.017099857330322
1774911600,6.013999938964844
1774922400,6.027400016784668
1774926000,6.024799823760986
1774933200,6.019700050354004
1774936800,6.033299922943115
1774947600,6.024099826812744
1774951200,6.019599914550781
1774954800,6.035200119018555
1774958400,6.018899917602539
1774962000,6.017199993133545
1774965600,6.015500068664551
1774969200,6.00540018081665
1774972800,5.993199825286865
1774976400,5.992400169372559
1774980000,5.99459981918335
1774983600,5.986400127410889
1774987200,5.983699798583984
1774990800,5.998799800872803
1774994400,6.000100135803223
1775001600,5.992400169372559
1775005200,5.987800121307373
1775008800,5.991499900817871
1775012400,5.989299774169922
1775019600,6.008800029754639
1775034000,6.015600204467773
1775037600,6.0208001136779785
1775041200,6.013199806213379
1775044800,6.000100135803223
1775048400,5.998300075531006
1775052000,5.991300106048584
1775055600,5.982800006866455
1775059200,5.979300022125244
1775062800,5.976900100708008
1775066400,5.9741997718811035
1775070000,5.973199844360352
1775073600,5.9730000495910645
1775077200,5.979899883270264
1775080800,5.980899810791016
1775088000,5.977399826049805
1775091600,5.954999923706055
1775095200,5.956699848175049
1775098800,5.951000213623047
1775106000,5.946599960327148
1775109600,5.954699993133545
1775120400,5.947400093078613
1775124000,5.941500186920166
1775127600,5.940400123596191
1775131200,5.9654998779296875
1775134800,5.94920015335083
1775138400,5.958199977874756
1775142000,5.956299781799316
1775145600,5.9552998542785645
1775149200,5.954100131988525
1775152800,5.9492998123168945
1775156400,5.953000068664551
1775160000,5.949999809265137
1775163600,5.950399875640869
1775167200,5.950099945068359
1775174400,5.952300071716309
1775181600,5.948999881744385
1775192400,5.9492998123168945
1775196000,5.956299781799316
1775206800,5.953499794006348
1775210400,5.952700138092041
1775214000,5.951000213623047
1775221200,5.947700023651123
1775224800,5.9415998458862305
1775228400,5.943399906158447
1775232000,5.940700054168701
1775235600,5.934999942779541
1775239200,5.934899806976318
1775242800,5.933300018310547
1775246400,5.940299987792969
1775250000,5.941999912261963
1775437200,5.935400009155273
1775440800,5.942999839782715
1775444400,5.942200183868408
1775451600,5.946199893951416
1775455200,5.952400207519531
1775466000,5.9618000984191895
1775469600,5.957699775695801
1775473200,5.95359992980957
1775476800,5.951300144195557
1775480400,5.950699806213379
1775484000,5.951200008392334
1775487600,5.948699951171875
1775491200,5.947800159454346
1775494800,5.94789981842041
1775498400,5.938199996948242
1775502000,5.935999870300293
1775505600,5.9394001960754395
1775509200,5.938199996948242
1775516400,5.93120002746582
1775520000,5.931099891662598
1775523600,5.924600124359131
1775527200,5.92549991607666
1775530800,5.927499771118164
1775538000,5.935200214385986
1775541600,5.940899848937988
1775552400,5.953400135040283
1775556000,5.94350004196167
1775559600,5.944799900054932
1775563200,5.9608001708984375
1775566800,5.974899768829346
1775570400,5.971199989318848
1775574000,5.972099781036377
1775577600,5.980899810791016
1775581200,5.976099967956543
1775584800,5.980299949645996
1775588400,5.976600170135498
1775592000,5.977700233459473
1775595600,5.995200157165527
1775599200,6.001200199127197
1775606400,6.032400131225586
1775610000,6.0346999168396
1775613600,6.0131001472473145
1775617200,6.013299942016602
1775624400,6.043900012969971
1775628000,6.042799949645996
1775638800,6.0370001792907715
1775642400,6.039299964904785
1775646000,6.0304999351501465
1775649600,5.949100017547607
1775653200,5.948200225830078
1775656800,5.9704999923706055
1775660400,5.952700138092041
1775664000,5.948599815368652
1775667600,5.946499824523926
1775671200,5.956900119781494
1775674800,5.954400062561035
1775678400,5.945799827575684
1775682000,5.965000152587891
1775685600,5.948400020599365
1775703600,5.949999809265137
1775710800,5.963399887084961
1775714400,5.962299823760986
1775725200,5.971499919891357
1775728800,5.972300052642822
1775732400,5.976900100708008
1775736000,5.956600189208984
1775739600,5.934100151062012
1775743200,5.934299945831299
1775746800,5.936699867248535
1775750400,5.940299987792969
1775754000,5.929599761962891
1775757600,5.9309000968933105
1775761200,5.924200057983398
1775764800,5.916500091552734
1775768400,5.932199954986572
1775772000,5.930600166320801
1775797200,5.927000045776367
1775800800,5.920899868011475
1775811600,5.9309000968933105
1775815200,5.938700199127197
1775818800,5.928599834442139
1775822400,5.893799781799316
1775826000,5.887199878692627
1775829600,5.883999824523926
1775833200,5.892600059509277
1775836800,5.885900020599365
1775840400,5.888700008392334
1775844000,5.8780999183654785
1775847600,5.875100135803223
1775851200,5.869200229644775
1775854800,5.865799903869629
1776042000,5.850599765777588
1776045600,5.851099967956543
1776056400,5.85890007019043
1776060000,5.851500034332275
1776070800,5.8582000732421875
1776074400,5.856299877166748
1776078000,5.848599910736084
1776081600,5.877699851989746
1776085200,5.889100074768066
1776088800,5.883299827575684
1776092400,5.8821001052856445
1776096000,5.855199813842773
1776099600,5.860899925231934
1776103200,5.878200054168701
1776106800,5.875999927520752
1776110400,5.875
1776114000,5.877099990844727
1776117600,5.879799842834473
1776121200,5.8780999183654785
1776124800,5.875899791717529
1776128400,5.876299858093262
1776132000,5.875100135803223
1776135600,5.874599933624268
1776139200,5.883399963378906
1776142800,5.881899833679199
1776146400,5.880000114440918
1776157200,5.892899990081787
1776160800,5.895899772644043
1776164400,5.897799968719482
1776168000,5.877600193023682
1776171600,5.868299961090088
1776175200,5.871500015258789
1776178800,5.879000186920166
1776182400,5.882199764251709
1776186000,5.8831000328063965
1776189600,5.885799884796143
1776193200,5.88640022277832
1776196800,5.883500099182129
1776200400,5.8881001472473145
1776204000,5.889599800109863
1776211200,5.880899906158447
1776214800,5.876100063323975
1776218400,5.872099876403809
1776222000,5.874300003051758
1776229200,5.888000011444092
1776232800,5.8744001388549805
1776243600,5.882699966430664
1776247200,5.8805999755859375
1776250800,5.882900238037109
1776254400,5.885499954223633
1776258000,5.881899833679199
1776261600,5.887199878692627
1776265200,5.8958001136779785
1776268800,5.893099784851074
1776272400,5.891600131988525
1776276000,5.888599872589111
1776279600,5.889699935913086
1776283200,5.891200065612793
1776286800,5.888899803161621
1776290400,5.893599987030029
1776294000,5.894599914550781
1776301200,5.889699935913086
1776304800,5.896399974822998
1776308400,5.895899772644043
1776315600,5.892199993133545
1776319200,5.878699779510498
1776330000,5.878799915313721
1776333600,5.8769001960754395
1776337200,5.881400108337402
1776340800,5.881800174713135
1776344400,5.881100177764893
1776348000,5.896699905395508
1776351600,5.891600131988525
1776355200,5.894599914550781
1776358800,5.888800144195557
1776362400,5.881499767303467
1776366000,5.88100004196167
1776369600,5.88100004196167
1776373200,5.881999969482422
1776376800,5.884900093078613
1776380400,5.884399890899658
1776384000,5.879199981689453
1776387600,5.877600193023682
1776391200,5.877399921417236
1776394800,5.879899978637695
1776402000,5.883399963378906
1776405600,5.865200042724609
1776416400,5.888700008392334
1776420000,5.889400005340576
1776423600,5.889999866485596
1776427200,5.862100124359131
1776430800,5.872499942779541
1776434400,5.878900051116943
1776438000,5.879499912261963
1776441600,5.882199764251709
1776445200,5.881999969482422
1776448800,5.872300148010254
1776452400,5.862100124359131
1776456000,5.856599807739258
1776459600,5.856599807739258
1776639600,5.844600200653076
1776646800,5.853300094604492
1776650400,5.866199970245361
1776654000,5.865699768066406
1776661200,5.864699840545654
1776675600,5.869999885559082
1776679200,5.870500087738037
1776682800,5.874000072479248
1776686400,5.863900184631348
1776690000,5.864200115203857
1776693600,5.867300033569336
1776697200,5.872200012207031
1776700800,5.87470006942749
1776704400,5.869800090789795
1776708000,5.862299919128418
1776711600,5.8618998527526855
1776715200,5.8531999588012695
1776718800,5.838900089263916
1776722400,5.863100051879883
1776729600,5.836400032043457
1776733200,5.860400199890137
1776736800,5.83519983291626
1776740400,5.833899974822998
1776751200,5.84119987487793
1776762000,5.850299835205078
1776765600,5.8491997718811035
1776769200,5.834799766540527
1776772800,5.836900234222412
1776776400,5.828999996185303
1776780000,5.839300155639648
1776783600,5.842100143432617
1776787200,5.841000080108643
1776790800,5.851600170135498
1776794400,5.837800025939941
1776801600,5.850599765777588
1776805200,5.841899871826172
1776808800,5.848299980163574
1776812400,5.849299907684326
1776816000,5.85129976272583
1776819600,5.85129976272583
1776823200,5.848999977111816
1776826800,5.849999904632568
1776834000,5.847700119018555
1776848400,5.845900058746338
1776852000,5.848100185394287
1776855600,5.821100234985352
1776859200,5.834199905395508
1776862800,5.821800231933594
1776866400,5.818900108337402
1776870000,5.817800045013428
1776873600,5.822400093078613
1776877200,5.814700126647949
1776880800,5.815400123596191
1776884400,5.819499969482422
1776888000,5.808800220489502
1776891600,5.814899921417236
1776895200,5.814000129699707
1776902400,5.816100120544434
1776906000,5.812300205230713
1776909600,5.809899806976318
1776920400,5.813499927520752
1776924000,5.793600082397461
1776934800,5.807799816131592
1776938400,5.803800106048584
1776942000,5.806600093841553
1776945600,5.787700176239014
1776949200,5.78849983215332
1776952800,5.798099994659424
1776956400,5.795000076293945
1776960000,5.798099994659424
1776963600,5.821899890899658
1776967200,5.829599857330322
1776970800,5.847599983215332
1776974400,5.861299991607666
1776978000,5.8703999519348145
1776981600,5.870800018310547
1776992400,5.872499942779541
1776996000,5.867199897766113
1776999600,5.865900039672852
1777006800,5.825099945068359
1777021200,5.826600074768066
1777032000,5.863900184631348
1777035600,5.8744001388549805
1777039200,5.870200157165527
1777042800,5.856599807739258
1777046400,5.869200229644775
1777050000,5.863900184631348
1777053600,5.860499858856201
1777057200,5.856200218200684
1777060800,5.8354997634887695
1777064400,5.8358001708984375
1777248000,5.831099987030029
1777251600,5.837699890136719
1777255200,5.836900234222412
1777284000,5.874199867248535
1777287600,5.887700080871582
1777291200,5.8383002281188965
1777294800,5.8379998207092285
1777298400,5.837600231170654
1777302000,5.832499980926514
1777305600,5.8308000564575195
1777309200,5.827199935913086
1777312800,5.829899787902832
1777316400,5.83650016784668
1777320000,5.839600086212158
1777323600,5.834199905395508
1777327200,5.8343000411987305
1777330800,5.84060001373291
1777334400,5.841000080108643
1777338000,5.835599899291992
1777341600,5.8333001136779785
1777345200,5.836299896240234
1777352400,5.826499938964844
1777366800,5.819499969482422
1777370400,5.8190999031066895
1777374000,5.820700168609619
1777377600,5.8277997970581055
1777381200,5.831900119781494
1777384800,5.864699840545654
1777388400,5.841300010681152
1777392000,5.8292999267578125
1777395600,5.835400104522705
1777399200,5.827899932861328
1777402800,5.831099987030029
1777406400,5.8242998123168945
1777410000,5.827899932861328
1777413600,5.828499794006348
1777420800,5.825900077819824
1777424400,5.82390022277832
1777428000,5.821899890899658
1777431600,5.822400093078613
1777438800,5.821499824523926
1777453200,5.820000171661377
1777456800,5.822400093078613
1777460400,5.818600177764893
1777464000,5.841100215911865
1777467600,5.845799922943115
1777471200,5.84499979019165
1777474800,5.845699787139893
1777478400,5.844200134277344
1777482000,5.837699890136719
1777485600,5.845099925994873
1777489200,5.837800025939941
1777492800,5.8317999839782715
1777496400,5.851900100708008
1777500000,5.831600189208984
1777503600,5.8308000564575195
1777507200,5.834000110626221
1777510800,5.830100059509277
1777514400,5.826300144195557
1777525200,5.843400001525879
1777539600,5.860899925231934
1777543200,5.861400127410889
1777546800,5.847099781036377
1777550400,5.8317999839782715
1777554000,5.837800025939941
1777557600,5.843200206756592
1777561200,5.837699890136719
1777564800,5.833899974822998
1777568400,5.821300029754639
1777572000,5.813899993896484
1777575600,5.8094000816345215
1777579200,5.811200141906738
1777582800,5.814899921417236
1777586400,5.8125
1777593600,5.803400039672852
1777597200,5.8028998374938965
1777600800,5.806099891662598
1777604400,5.806399822235107
1777608000,5.8109002113342285
1777611600,5.808499813079834
1777615200,5.829400062561035
1777626000,5.813700199127197
1777629600,5.819300174713135
1777633200,5.821000099182129
1777636800,5.825900077819824
1777644000,5.81689977645874
1777647600,5.8053998947143555
1777651200,5.809999942779541
1777654800,5.811200141906738
1777658400,5.811100006103516
1777662000,5.807000160217285
1777665600,5.807799816131592
1777669200,5.809599876403809
1777863600,5.813300132751465
1777870800,5.815000057220459
1777874400,5.824999809265137
1777878000,5.824699878692627
1777885200,5.809000015258789
1777888800,5.798399925231934
1777892400,5.798500061035156
1777896000,5.79580020904541
1777899600,5.804299831390381
1777903200,5.792699813842773
1777906800,5.807400226593018
1777910400,5.816100120544434
1777914000,5.807000160217285
1777917600,5.8084001541137695
1777921200,5.810400009155273
1777924800,5.80210018157959
1777928400,5.809999942779541
1777932000,5.802299976348877
1777935600,5.802599906921387
1777939200,5.801599979400635
1777942800,5.7982001304626465
1777946400,5.802599906921387
1777953600,5.798299789428711
1777957200,5.806000232696533
1777960800,5.817999839782715
1777971600,5.808599948883057
1777975200,5.812099933624268
1777978800,5.809899806976318
1777982400,5.773399829864502
1777986000,5.765399932861328
1777989600,5.760900020599365
1777993200,5.749800205230713
1777996800,5.7453999519348145
1778000400,5.747200012207031
1778004000,5.744500160217285
1778007600,5.745299816131592
1778011200,5.740300178527832
1778014800,5.743599891662598
1778018400,5.7444000244140625
1778022000,5.750100135803223
1778029200,5.753499984741211
1778032800,5.7505998611450195
1778036400,5.752099990844727
1778043600,5.7621002197265625
1778047200,5.760900020599365
1778050800,5.7606000900268555
1778058000,5.778600215911865
1778061600,5.779699802398682
1778065200,5.780799865722656
1778068800,5.787799835205078
1778072400,5.787399768829346
1778076000,5.788700103759766
1778079600,5.789400100708008
1778083200,5.78879976272583
1778086800,5.777900218963623
1778090400,5.783199787139893
1778094000,5.780200004577637
1778097600,5.781099796295166
1778101200,5.78439998626709
1778104800,5.78439998626709
1778115600,5.789100170135498
1778119200,5.787700176239014
1778122800,5.784900188446045
1778130000,5.784999847412109
1778133600,5.781199932098389
1778137200,5.791600227355957
1778144400,5.7932000160217285
1778148000,5.797100067138672
1778151600,5.791399955749512
1778155200,5.764900207519531
1778158800,5.779799938201904
1778162400,5.788000106811523
1778166000,5.795300006866455
1778169600,5.786300182342529
1778173200,5.781400203704834
1778176800,5.779699802398682
1778180400,5.777500152587891
1778184000,5.767000198364258
1778187600,5.772600173950195
1778191200,5.779900074005127
1778194800,5.782100200653076
1778198400,5.780600070953369
1778202000,5.781599998474121
1778209200,5.781000137329102
1778212800,5.781599998474121
1778216400,5.777500152587891
1778220000,5.78410005569458
1778227200,5.791299819946289
1778230800,5.795499801635742
1778234400,5.794099807739258
1778238000,5.791200160980225
1778241600,5.765699863433838
1778245200,5.765200138092041
1778248800,5.761499881744385
1778252400,5.765200138092041
1778256000,5.762700080871582
1778259600,5.763800144195557
1778263200,5.7621002197265625
1778266800,5.764900207519531
1778270400,5.7606000900268555
1778274000,5.76609992980957
1778457600,5.760700225830078
1778461200,5.760200023651123
1778464800,5.756100177764893
1778472000,5.751100063323975
1778475600,5.750899791717529
1778479200,5.759799957275391
1778490000,5.7600998878479
1778493600,5.7596001625061035
1778497200,5.759300231933594
1778500800,5.769999980926514
1778504400,5.761300086975098
1778508000,5.7683000564575195
1778511600,5.768799781799316
1778515200,5.76639986038208
1778518800,5.764200210571289
1778522400,5.757599830627441
1778526000,5.759699821472168
1778529600,5.761600017547607
1778533200,5.766900062561035
1778536800,5.757900238037109
1778547600,5.75570011138916
1778551200,5.75629997253418
1778554800,5.743500232696533
1778558400,5.753799915313721
1778562000,5.755899906158447
1778565600,5.749000072479248
1778576400,5.749199867248535
1778580000,5.746099948883057
1778583600,5.752900123596191
1778587200,5.745800018310547
1778590800,5.748799800872803
1778594400,5.754499912261963
1778598000,5.748799800872803
1778601600,5.7459001541137695
1778605200,5.742000102996826
1778608800,5.742300033569336
1778612400,5.744900226593018
1778616000,5.743500232696533
1778619600,5.744999885559082
1778623200,5.742599964141846
1778630400,5.741700172424316
1778644800,5.7393999099731445
1778648400,5.742400169372559
1778652000,5.730899810791016
1778662800,5.7291998863220215
1778666400,5.728700160980225
1778670000,5.7342000007629395
1778673600,5.754899978637695
1778677200,5.756700038909912
1778680800,5.7505998611450195
1778684400,5.7453999519348145
1778688000,5.745299816131592
1778691600,5.78249979019165
1778695200,5.840400218963623
1778698800,5.857600212097168
1778702400,5.866799831390381
1778706000,5.868500232696533
1778709600,5.871200084686279
1778716800,5.8709001541137695
1778720400,5.870100021362305
1778724000,5.868800163269043
1778727600,5.868100166320801
1778738400,5.839600086212158
1778749200,5.835599899291992
1778756400,5.835599899291992
1778760000,5.826499938964844
1778763600,5.824100017547607
1778767200,5.814799785614014
1778770800,5.811999797821045
1778774400,5.823599815368652
1778778000,5.8225998878479
1778781600,5.822999954223633
1778785200,5.819300174713135
1778788800,5.811500072479248
1778792400,5.822800159454346
1778796000,5.815000057220459
1778799600,5.811600208282471
1778810400,5.806399822235107
1778814000,5.805600166320801
1778821200,5.804599761962891
1778824800,5.798699855804443
1778832000,5.797900199890137
1778835600,5.802199840545654
1778839200,5.808000087738037
1778842800,5.804999828338623
1778846400,5.872499942779541
1778850000,5.888199806213379
1778853600,5.893099784851074
1778857200,5.897500038146973
1778860800,5.89739990234375
1778864400,5.881499767303467
1778868000,5.891900062561035
1778871600,5.887199878692627
1778875200,5.875400066375732
1778878800,5.893799781799316
1779058800,5.8703999519348145
1779062400,5.8678998947143555
1779066000,5.86870002746582
1779069600,5.870699882507324
1779073200,5.871500015258789
1779080400,5.891499996185303
1779084000,5.889900207519531
1779094800,5.899899959564209
1779098400,5.898399829864502
1779102000,5.883699893951416
1779105600,5.844099998474121
1779109200,5.8394999504089355
1779112800,5.838099956512451
1779116400,5.8317999839782715
1779120000,5.825399875640869
1779123600,5.827300071716309
1779127200,5.82919979095459
1779130800,5.822700023651123
1779134400,5.817200183868408
1779138000,5.843900203704834
1779141600,5.81689977645874
1779145200,5.815700054168701
1779148800,5.809999942779541
1779152400,5.812600135803223
1779156000,5.8094000816345215
1779159600,5.808599948883057
1779166800,5.8358001708984375
1779170400,5.822400093078613
1779181200,5.823400020599365
1779184800,5.827199935913086
1779188400,5.825300216674805
1779192000,5.8403000831604
1779195600,5.84089994430542
1779199200,5.853799819946289
1779202800,5.854599952697754
1779206400,5.838799953460693
1779210000,5.84119987487793
1779213600,5.844799995422363
1779217200,5.850599765777588
1779220800,5.85890007019043
1779224400,5.8506999015808105
1779228000,5.8582000732421875
1779238800,5.853799819946289
1779242400,5.854499816894531
1779246000,5.856200218200684
1779253200,5.843400001525879
1779256800,5.829899787902832
1779264000,5.828100204467773
1779267600,5.842400074005127
1779271200,5.844399929046631
1779274800,5.847300052642822
1779278400,5.846399784088135
1779282000,5.84499979019165
1779285600,5.824900150299072
1779289200,5.827600002288818
1779292800,5.818900108337402
1779296400,5.817500114440918
1779300000,5.817399978637695
1779303600,5.815700054168701
1779307200,5.80810022354126
1779310800,5.816800117492676
1779314400,5.81689977645874
1779318000,5.80620002746582
1779321600,5.807199954986572
1779325200,5.805699825286865
1779328800,5.804200172424316
1779339600,5.814199924468994
1779343200,5.794600009918213
1779354000,5.819399833679199
1779357600,5.8130998611450195
1779361200,5.807499885559082
1779364800,5.81790018081665
1779368400,5.803699970245361
1779372000,5.804100036621094
1779375600,5.798399925231934
1779379200,5.806300163269043
1779382800,5.801700115203857
1779386400,5.806700229644775
1779390000,5.808199882507324
1779393600,5.813600063323975
1779397200,5.810400009155273
1779400800,5.81279993057251
1779404400,5.8130998611450195
1779408000,5.810800075531006
1779411600,5.810699939727783
1779415200,5.810800075531006
1779418800,5.8105998039245605
1779426000,5.807400226593018
1779429600,5.805200099945068
1779440400,5.80019998550415
1779444000,5.801700115203857
1779447600,5.80049991607666
1779451200,5.805200099945068
1779454800,5.812399864196777
1779458400,5.825699806213379
1779462000,5.82480001449585
1779465600,5.829400062561035
1779469200,5.824999809265137
1779472800,5.828499794006348
1779476400,5.833499908447266
1779480000,5.839799880981445
1779483600,5.84660005569458
1779670800,5.864999771118164
1779685200,5.841400146484375
1779699600,5.842400074005127
1779703200,5.843299865722656
1779706800,5.843800067901611
1779710400,5.827000141143799
1779714000,5.83050012588501
1779717600,5.831299781799316
1779721200,5.826300144195557
1779724800,5.829800128936768
1779728400,5.831099987030029
1779732000,5.837200164794922
1779735600,5.842599868774414
1779739200,5.840099811553955
1779742800,5.838699817657471
1779746400,5.8308000564575195
1779750000,5.828000068664551
1779753600,5.829599857330322
1779757200,5.82889986038208
1779760800,5.827300071716309
1779764400,5.8277997970581055
1779771600,5.832600116729736
1779775200,5.8125
1779786000,5.839900016784668
1779789600,5.840400218963623
1779793200,5.834099769592285
1779796800,5.8206000328063965
1779800400,5.841599941253662
1779804000,5.836299896240234
1779807600,5.84250020980835
1779811200,5.844600200653076
1779814800,5.839200019836426
1779818400,5.8491997718811035
1779822000,5.846199989318848
1779825600,5.854000091552734
1779829200,5.851900100708008
1779832800,5.855599880218506
1779847200,5.856900215148926
1779858000,5.8557000160217285
1779861600,5.859300136566162
1779872400,5.8592000007629395
1779876000,5.8557000160217285
1779879600,5.843500137329102
1779883200,5.881400108337402
1779886800,5.882299900054932
1779890400,5.887899875640869
1779894000,5.886199951171875
1779897600,5.884699821472168
1779901200,5.882699966430664
1779904800,5.880000114440918
1779908400,5.882999897003174
1779912000,5.879700183868408
1779915600,5.882500171661377
1779919200,5.88040018081665
1779922800,5.8780999183654785
1779933600,5.875999927520752
1779937200,5.86329984664917
1779940800,5.8632001876831055
1779944400,5.867099761962891
1779955200,5.849899768829346
1779958800,5.8744001388549805
1779962400,5.874100208282471
1779966000,5.874499797821045
1779969600,5.889500141143799
1779973200,5.884799957275391
1779976800,5.874899864196777
1779980400,5.878799915313721
1779984000,5.866700172424316
1779987600,5.854000091552734
1779991200,5.856100082397461
1779994800,5.859799861907959
1779998400,5.869500160217285
1780002000,5.862400054931641
1780005600,5.862100124359131
1780012800,5.873799800872803
1780016400,5.874199867248535
1780020000,5.859300136566162
1780023600,5.858799934387207
1780030800,5.857800006866455
1780034400,5.877299785614014
1780045200,5.8582000732421875
1780048800,5.857500076293945
1780052400,5.872700214385986
1780056000,5.887400150299072
1780059600,5.890699863433838
1780063200,5.904799938201904
1780066800,5.906000137329102
1780070400,5.894400119781494
1780074000,5.886000156402588
1780077600,5.878799915313721
1780081200,5.882199764251709
1780084800,5.870999813079834
1780088400,5.879899978637695
1780279200,5.8643999099731445
1780282800,5.865099906921387
1780290000,5.875699996948242
1780293600,5.89300012588501
1780304400,5.87470006942749
1780308000,5.873799800872803
1780311600,5.872700214385986
1780315200,5.85230016708374
1780318800,5.851600170135498
1780322400,5.836699962615967
1780326000,5.847700119018555
1780329600,5.846799850463867
1780333200,5.837200164794922
1780336800,5.830999851226807
1780340400,5.8358001708984375
1780344000,5.843500137329102
1780347600,5.836599826812744
1780351200,5.847499847412109
1780354800,5.8480000495910645
1780358400,5.833199977874756
1780362000,5.835000038146973
1780365600,5.833700180053711
1780369200,5.8470001220703125
1780376400,5.837200164794922
1780380000,5.853600025177002
1780390800,5.839700222015381
1780394400,5.839300155639648
1780398000,5.855599880218506
1780401600,5.833899974822998
1780405200,5.833199977874756
1780408800,5.830900192260742
1780412400,5.834400177001953
1780416000,5.832699775695801
1780419600,5.833099842071533
1780423200,5.826000213623047
1780426800,5.82889986038208
1780430400,5.8196001052856445
1780434000,5.828700065612793
1780437600,5.818399906158447
1780441200,5.814899921417236
1780444800,5.818600177764893
1780448400,5.8180999755859375
1780452000,5.818600177764893
1780455600,5.81820011138916
1780462800,5.82289981842041
1780466400,5.830599784851074
1780477200,5.819399833679199
1780480800,5.819499969482422
1780484400,5.821599960327148
1780488000,5.840000152587891
1780491600,5.855199813842773
1780495200,5.848299980163574
1780498800,5.856500148773193
1780502400,5.884799957275391
1780506000,5.88670015335083
1780509600,5.886300086975098
1780513200,5.877900123596191
1780516800,5.869100093841553
1780520400,5.8871002197265625
1780524000,5.8709001541137695
1780527600,5.873700141906738
1780531200,5.873199939727783
1780534800,5.891600131988525
1780538400,5.874000072479248
1780542000,5.870999813079834
1780545600,5.871399879455566
1780549200,5.892000198364258
1780563600,5.897799968719482
1780567200,5.901000022888184
1780570800,5.889400005340576
1780574400,5.894000053405762
1780578000,5.881700038909912
1780581600,5.888299942016602
1780585200,5.887899875640869
1780588800,5.88730001449585
1780596000,5.871099948883057
1780599600,5.8703999519348145
1780603200,5.8790998458862305
1780606800,5.895599842071533
1780610400,5.896100044250488
1780614000,5.879799842834473
1780621200,5.880499839782715
1780624800,5.880799770355225
1780628400,5.880799770355225
1780635600,5.898099899291992
1780639200,5.89739990234375
1780650000,5.910200119018555
1780653600,5.9105000495910645
1780657200,5.910600185394287
1780660800,5.900899887084961
1780664400,5.918700218200684
1780668000,5.913700103759766
1780671600,5.932600021362305
1780675200,5.926599979400635
1780678800,5.9243998527526855
1780682400,5.934199810028076
1780686000,5.936600208282471
1780689600,5.953199863433838
1780693200,5.956399917602539
1780884000,5.961400032043457
1780887600,5.96019983291626
1780891200,5.961900234222412
1780894800,5.933300018310547
1780898400,5.937900066375732
1780909200,5.93120002746582
1780912800,5.933300018310547
1780916400,5.9532999992370605
1780920000,5.945799827575684
1780923600,5.969799995422363
1780927200,5.970600128173828
1780930800,5.9664998054504395
1780934400,5.970900058746338
1780938000,5.9842000007629395
1780941600,5.974800109863281
1780945200,5.971099853515625
1780948800,5.9882001876831055
1780952400,5.979499816894531
1780956000,5.98769998550415
1780959600,5.984899997711182
1780963200,5.986700057983398
1780966800,5.9899001121521
1780970400,5.989999771118164
1780974000,5.989299774169922
1780984800,5.987199783325195
1780995600,5.992700099945068
1780999200,5.9944000244140625
1781002800,5.998600006103516
1781006400,5.968400001525879
1781010000,5.9720001220703125
1781013600,5.980299949645996
1781017200,5.982100009918213
1781020800,5.9766998291015625
1781024400,5.978799819946289
1781028000,5.969399929046631
1781031600,5.974699974060059
1781035200,5.969900131225586
1781038800,5.966000080108643
1781042400,5.970099925994873
1781053200,5.9704999923706055
1781056800,5.9730000495910645
1781071200,5.9730000495910645
1781082000,5.975900173187256
1781085600,5.974999904632568
1781089200,5.968500137329102
1781092800,5.978700160980225
1781096400,5.972499847412109
1781100000,5.989099979400635
1781103600,5.977200031280518
1781107200,5.9781999588012695
1781110800,5.9745001792907715
1781114400,5.965799808502197
1781118000,5.964000225067139
1781121600,5.980500221252441
1781125200,5.978099822998047
1781128800,5.976099967956543
1781143200,5.983699798583984
1781146800,5.982600212097168
1781150400,5.982500076293945
1781157600,5.9629998207092285
1781168400,5.959199905395508
1781172000,5.954599857330322
1781175600,5.977499961853027
1781179200,5.956699848175049
1781182800,5.928999900817871
1781186400,5.919300079345703
1781190000,5.923299789428711
1781193600,5.92519998550415
1781197200,5.904699802398682
1781200800,5.914400100708008
1781204400,5.901800155639648
1781208000,5.898099899291992
1781211600,5.923999786376953
1781215200,5.905200004577637
1781233200,5.900400161743164
1781236800,5.899799823760986
1781244000,5.919300079345703
1781254800,5.927999973297119
1781258400,5.923600196838379
1781262000,5.921000003814697
1781265600,5.905399799346924
1781269200,5.878900051116943
1781272800,5.872799873352051
1781276400,5.869999885559082
1781280000,5.860099792480469
1781283600,5.856500148773193
1781287200,5.859399795532227
1781290800,5.855299949645996
1781294400,5.850599765777588
1781298000,5.855000019073486
1781478000,5.876699924468994
1781481600,5.876399993896484
1781485200,5.873199939727783
1781488800,5.872200012207031
1781492400,5.872399806976318
1781503200,5.8709001541137695
1781514000,5.874800205230713
1781517600,5.878799915313721
1781521200,5.8790998458862305
1781524800,5.844799995422363
1781528400,5.847599983215332
1781532000,5.855100154876709
1781535600,5.862400054931641
1781539200,5.871399879455566
1781542800,5.867700099945068
1781546400,5.8730998039245605
1781550000,5.869999885559082
1781553600,5.864200115203857
1781557200,5.855800151824951
1781560800,5.854599952697754
1781568000,5.855299949645996
1781571600,5.855100154876709
1781575200,5.854100227355957
1781578800,5.854100227355957
1781589600,5.862599849700928
1781600400,5.878799915313721
1781604000,5.882900238037109
1781607600,5.876999855041504
1781611200,5.868500232696533
1781614800,5.88100004196167
1781618400,5.913599967956543
1781622000,5.897900104522705
1781625600,5.9019999504089355
1781629200,5.901400089263916
1781632800,5.908400058746338
1781636400,5.905300140380859
1781640000,5.9054999351501465
1781643600,5.911099910736084
1781647200,5.9070000648498535
1781661600,5.906400203704834
1781665200,5.906000137329102
1781676000,5.907599925994873
1781679600,5.910999774932861
1781683200,5.905200004577637
1781686800,5.90910005569458
1781690400,5.905200004577637
1781694000,5.900599956512451
1781697600,5.892000198364258
1781701200,5.876100063323975
1781704800,5.866000175476074
1781708400,5.863999843597412
1781712000,5.867499828338623
1781715600,5.859300136566162
1781719200,5.863399982452393
1781722800,5.875800132751465
1781726400,5.876699924468994
1781730000,5.872200012207031
1781737200,5.8730998039245605
1781740800,5.876699924468994
1781744400,5.880799770355225
1781748000,5.879700183868408
1781751600,5.8796000480651855
1781762400,5.838799953460693
1781780400,5.8196001052856445
1781784000,5.8856000900268555
1781787600,5.916200160980225
1781791200,5.9217000007629395
1781794800,5.926300048828125
1781798400,5.9344000816345215
1781802000,5.931600093841553
1781805600,5.923699855804443
1781809200,5.92710018157959
1781812800,5.915999889373779
1781816400,5.913000106811523
1781820000,5.91480016708374
1781834400,5.910799980163574
1781838000,5.91510009765625
1781848800,5.898900032043457
1781859600,5.923799991607666
1781863200,5.921000003814697
1781866800,5.925899982452393
1781870400,5.903299808502197
1781874000,5.893400192260742
1781877600,5.887199878692627
1781881200,5.890200138092041
1781884800,5.896500110626221
1781888400,5.896999835968018
1781892000,5.898499965667725
1781895600,5.929900169372559
1781899200,5.908199787139893
1781902800,5.905900001525879
1782082800,5.904200077056885
1782097200,5.901100158691406
1782104400,5.9004998207092285
1782108000,5.904399871826172
1782111600,5.903800010681152
1782118800,5.892000198364258
1782122400,5.891900062561035
1782126000,5.895999908447266
1782129600,5.89709997177124
1782133200,5.880300045013428
1782136800,5.878200054168701
1782140400,5.864299774169922
1782144000,5.867199897766113
1782147600,5.875100135803223
1782151200,5.8694000244140625
1782154800,5.87529993057251
1782158400,5.874599933624268
1782162000,5.8755998611450195
1782165600,5.873799800872803
1782169200,5.873499870300293
1782172800,5.873000144958496
1782176400,5.876699924468994
1782180000,5.877799987792969
1782183600,5.875699996948242
1782194400,5.856400012969971
1782198000,5.88100004196167
1782205200,5.866000175476074
1782208800,5.864799976348877
1782212400,5.855000019073486
1782216000,5.886000156402588
1782219600,5.89169979095459
1782223200,5.888000011444092
1782226800,5.900199890136719
1782230400,5.900400161743164
1782234000,5.901899814605713
1782237600,5.902500152587891
1782241200,5.902200222015381
1782244800,5.894499778747559
1782248400,5.908699989318848
1782252000,5.8979997634887695
1782255600,5.89769983291626
1782259200,5.896399974822998
1782262800,5.894999980926514
1782266400,5.89300012588501
1782280800,5.879499912261963
1782284400,5.8755998611450195
1782291600,5.890200138092041
1782295200,5.886099815368652
1782298800,5.889400005340576
1782302400,5.905099868774414
1782306000,5.9019999504089355
1782309600,5.90749979019165
1782313200,5.9120001792907715
1782316800,5.904300212860107
1782320400,5.904699802398682
1782324000,5.902200222015381
1782327600,5.904600143432617
1782331200,5.9004998207092285
1782334800,5.887899875640869
1782338400,5.889400005340576
1782342000,5.889100074768066
1782349200,5.892600059509277
1782352800,5.8927001953125
1782356400,5.896599769592285
1782360000,5.897900104522705
1782367200,5.8815999031066895
1782378000,5.908400058746338
1782381600,5.903299808502197
1782385200,5.892000198364258
1782388800,5.918399810791016
1782392400,5.9096999168396
1782396000,5.901899814605713
1782399600,5.888400077819824
1782403200,5.888700008392334
1782406800,5.883999824523926
1782410400,5.8907999992370605
1782414000,5.890100002288818
1782417600,5.885300159454346
1782421200,5.89300012588501
1782424800,5.887400150299072
1782435600,5.8831000328063965
1782439200,5.876800060272217
1782442800,5.878300189971924
1782453600,5.869900226593018
1782464400,5.906000137329102
1782468000,5.906499862670898
1782471600,5.9039998054504395
1782475200,5.911499977111816
1782478800,5.910099983215332
1782482400,5.893099784851074
1782486000,5.888500213623047
1782489600,5.885200023651123
1782493200,5.886000156402588
1782496800,5.88539981842041
1782500400,5.883500099182129
1782504000,5.882500171661377
1782507600,5.883999824523926
1782687600,5.8846001625061035
1782691200,5.884699821472168
1782698400,5.886099815368652
1782723600,5.895599842071533
1782727200,5.894700050354004
1782730800,5.900300025939941
1782734400,5.8867998123168945
1782738000,5.8968000411987305
1782741600,5.914299964904785
1782745200,5.920100212097168
1782748800,5.914599895477295
1782752400,5.910200119018555
1782756000,5.901100158691406
1782759600,5.9096999168396
1782763200,5.899099826812744
1782766800,5.904699802398682
1782795600,5.885700225830078
1782799200,5.908299922943115
1782810000,5.88700008392334
1782813600,5.88730001449585
1782817200,5.886600017547607
1782820800,5.914599895477295
1782824400,5.898799896240234
1782828000,5.9207000732421875
1782831600,5.902500152587891
1782835200,5.894499778747559
1782838800,5.899099826812744
1782842400,5.901199817657471
1782846000,5.901500225067139
1782849600,5.901599884033203
1782853200,5.90500020980835
1782856800,5.904200077056885
1782867600,5.894000053405762
1782871200,5.895400047302246
1782874800,5.895699977874756
1782882000,5.895400047302246
1782885600,5.910200119018555
1782896400,5.889500141143799
1782900000,5.888999938964844
1782903600,5.886000156402588
1782907200,5.900599956512451
1782910800,5.904300212860107
1782914400,5.927999973297119
1782918000,5.918000221252441
1782921600,5.912899971008301
1782925200,5.914899826049805
1782928800,5.924900054931641
1782932400,5.928299903869629
1782936000,5.9243998527526855
1782939600,5.926199913024902
1782943200,5.926400184631348
1782972000,5.951399803161621
1782975600,5.956699848175049
1782979200,5.958199977874756
1782982800,5.943699836730957
1782986400,5.940700054168701
1782990000,5.938300132751465
1782993600,5.927199840545654
1782997200,5.939799785614014
1783000800,5.946000099182129
1783004400,5.951300144195557
1783008000,5.960000038146973
1783011600,5.958899974822998
1783015200,5.949699878692627
1783018800,5.952899932861328
1783022400,5.950399875640869
1783026000,5.950799942016602
1783029600,5.949900150299072
1783047600,5.954999923706055
1783058400,5.975100040435791
1783069200,5.955699920654297
1783072800,5.956999778747559
1783076400,5.958899974822998
1783080000,5.930099964141846
1783083600,5.921999931335449
1783087200,5.918799877166748
1783090800,5.910600185394287
1783094400,5.909599781036377
1783098000,5.911799907684326
1783101600,5.910399913787842
1783105200,5.910699844360352
1783108800,5.909800052642822
1783112400,5.909599781036377
1783292400,5.910099983215332
1783299600,5.907100200653076
1783303200,5.906599998474121
1783328400,5.902699947357178
1783332000,5.90310001373291
1783335600,5.899499893188477
1783339200,5.906499862670898
1783342800,5.898399829864502
1783346400,5.902400016784668
1783350000,5.893400192260742
1783353600,5.8968000411987305
1783357200,5.870800018310547
1783360800,5.867300033569336
1783364400,5.871399879455566
1783368000,5.890100002288818
1783371600,5.889999866485596
1783386000,5.880799770355225
1783389600,5.879700183868408
1783404000,5.871300220489502
1783407600,5.871799945831299
1783414800,5.860899925231934
1783418400,5.862599849700928
1783422000,5.863500118255615
1783425600,5.878399848937988
1783429200,5.897900104522705
1783432800,5.893400192260742
1783436400,5.8927001953125
1783440000,5.890200138092041
1783443600,5.893899917602539
1783447200,5.893799781799316
1783450800,5.8902997970581055
1783454400,5.889699935913086
1783458000,5.878900051116943
1783461600,5.890200138092041
1783465200,5.8907999992370605
1783468800,5.8927998542785645
1783472400,5.888800144195557
1783476000,5.892300128936768
1783490400,5.898900032043457
1783501200,5.879899978637695
1783504800,5.882599830627441
1783508400,5.876399993896484
1783512000,5.859799861907959
1783515600,5.88070011138916
1783519200,5.888599872589111
1783522800,5.88539981842041
1783526400,5.889100074768066
1783530000,5.89109992980957
1783533600,5.892499923706055
1783537200,5.892199993133545
1783540800,5.891200065612793
1783544400,5.87470006942749
1783548000,5.890999794006348
1783551600,5.89139986038208
1783558800,5.8933000564575195
1783562400,5.895100116729736
1783576800,5.8927998542785645
1783580400,5.898900032043457
1783584000,5.8867998123168945
1783587600,5.879199981689453
1783591200,5.879499912261963
1783594800,5.896500110626221
1783598400,5.882299900054932
1783602000,5.896200180053711
1783605600,5.855100154876709
1783609200,5.8572998046875
1783612800,5.854599952697754
1783616400,5.848299980163574
1783620000,5.850299835205078
1783623600,5.851099967956543
1783627200,5.848100185394287
1783630800,5.850900173187256
1783634400,5.85230016708374
1783663200,5.858699798583984
1783674000,5.852399826049805
1783677600,5.8520002365112305
1783681200,5.850599765777588
1783684800,5.833600044250488
1783688400,5.8383002281188965
1783692000,5.834199905395508
1783695600,5.835599899291992
1783699200,5.833600044250488
1783702800,5.832300186157227
1783706400,5.828199863433838
1783710000,5.829800128936768
1783713600,5.827700138092041
1783717200,5.829599857330322
1783922400,5.823500156402588
1783933200,5.837900161743164
1783936800,5.8383002281188965
1783940400,5.837100028991699
1783944000,5.849299907684326
1783947600,5.849599838256836
1783951200,5.842199802398682
1783954800,5.839700222015381
1783958400,5.866099834442139
1783962000,5.840199947357178
1783965600,5.840799808502197
1783969200,5.838699817657471
1783972800,5.863399982452393
1783976400,5.865600109100342
1783994400,5.867700099945068
1783998000,5.86929988861084
1784008800,5.841100215911865
1784019600,5.849899768829346
1784023200,5.846700191497803
1784026800,5.853099822998047
1784030400,5.821000099182129
1784034000,5.808000087738037
1784037600,5.805300235748291
1784041200,5.801799774169922
1784044800,5.799499988555908
1784048400,5.798299789428711
1784052000,5.792799949645996
1784055600,5.795499801635742
1784059200,5.792300224304199
1784062800,5.794300079345703
1784066400,5.794899940490723
1784095200,5.796500205993652
1784106000,5.793099880218506
1784109600,5.7906999588012695
1784113200,5.790200233459473
1784116800,5.784900188446045
1784120400,5.791999816894531
1784124000,5.805600166320801
1784127600,5.808300018310547
1784131200,5.818399906158447
1784134800,5.823299884796143
1784138400,5.818699836730957
1784142000,5.820499897003174
1784145600,5.817299842834473
1784149200,5.819499969482422
1784152800,5.819200038909912
1784181600,5.815199851989746
1784192400,5.818399906158447
1784196000,5.820199966430664
1784199600,5.817800045013428
1784203200,5.837100028991699
1784206800,5.838500022888184
1784210400,5.837900161743164
1784214000,5.8292999267578125
1784217600,5.828999996185303
1784221200,5.840400218963623
1784224800,5.832399845123291
1784228400,5.832399845123291
1784232000,5.836400032043457
1784235600,5.8383002281188965
1784239200,5.8383002281188965
1784268000,5.834499835968018
1784278800,5.837699890136719
1784282400,5.832499980926514
1784286000,5.831600189208984
1784289600,5.848800182342529
1784293200,5.857699871063232
1784296800,5.848899841308594
1784300400,5.844399929046631
1784304000,5.847599983215332
1784307600,5.838900089263916
1784311200,5.843500137329102
1784314800,5.844399929046631
1784318400,5.845399856567383
1784322000,5.843900203704834
1784502000,5.839399814605713
1784512800,5.847499847412109
1784516400,5.847499847412109
1784527200,5.83459997177124
1784530800,5.854100227355957
1784538000,5.841700077056885
1784541600,5.842800140380859
1784545200,5.843500137329102
1784548800,5.820099830627441
1784552400,5.804699897766113
1784556000,5.801499843597412
1784559600,5.8007001876831055
1784563200,5.8109002113342285
1784566800,5.8094000816345215
1784570400,5.809000015258789
1784574000,5.809000015258789
1784577600,5.809899806976318
1784581200,5.810100078582764
1784584800,5.810299873352051
1784592000,5.810699939727783
1784599200,5.808199882507324
1784602800,5.809000015258789
1784613600,5.8028998374938965
1784624400,5.815999984741211
1784628000,5.81689977645874
1784631600,5.809800148010254
1784635200,5.791600227355957
1784638800,5.798699855804443
1784642400,5.792500019073486
1784646000,5.78849983215332
1784649600,5.786300182342529
1784653200,5.780399799346924
1784656800,5.780300140380859
1784660400,5.782700061798096
1784664000,5.781300067901611
1784667600,5.781899929046631
1784671200,5.781000137329102
1784674800,5.784800052642822
1784678400,5.786600112915039
1784682000,5.785099983215332
1784685600,5.786799907684326
1784700000,5.772299766540527
1784710800,5.783599853515625
1784714400,5.7846999168396
1784718000,5.78410005569458
1784721600,5.792799949645996
1784725200,5.770400047302246
1784728800,5.77209997177124
1784732400,5.770500183105469
1784736000,5.769599914550781
1784739600,5.771500110626221
1784743200,5.768899917602539
1784746800,5.7642998695373535
1784750400,5.767099857330322
1784754000,5.768899917602539
1784757600,5.769499778747559
1784761200,5.770500183105469
1784768400,5.769499778747559
1784775600,5.776400089263916
1784786400,5.7617998123168945
1784797200,5.770899772644043
1784800800,5.7677998542785645
1784804400,5.764100074768066
1784808000,5.780799865722656
1784811600,5.783100128173828
1784815200,5.774199962615967
1784818800,5.781700134277344
1784822400,5.78249979019165
1784826000,5.784900188446045
1784829600,5.789299964904785
1784833200,5.782800197601318
1784836800,5.78249979019165
1784840400,5.792699813842773
1784844000,5.779699802398682
1784851200,5.781599998474121
1784854800,5.781899929046631
1784858400,5.782299995422363
1784862000,5.781099796295166
1784872800,5.778200149536133
1784883600,5.7972002029418945
1784887200,5.7947998046875
1784890800,5.7758002281188965
1784894400,5.772900104522705
1784898000,5.771999835968018
1784901600,5.7606000900268555
1784905200,5.759399890899658
1784908800,5.764999866485596
1784912400,5.7642998695373535
1784916000,5.768400192260742
1784919600,5.776899814605713
1784923200,5.779699802398682
1784926800,5.781599998474121
1785110400,5.7895002365112305
1785114000,5.800899982452393
1785124800,5.799499988555908
1785128400,5.801400184631348
1785142800,5.78410005569458
1785146400,5.785200119018555
1785150000,5.779399871826172
1785153600,5.787700176239014
1785157200,5.8003997802734375
1785160800,5.804699897766113
1785164400,5.80810022354126
1785168000,5.8043999671936035
1785171600,5.803400039672852
1785175200,5.8084001541137695
1785178800,5.8105998039245605
1785182400,5.807799816131592
1785186000,5.81220006942749
1785189600,5.815899848937988
1785196800,5.816800117492676
1785200400,5.817699909210205
1785204000,5.818399906158447
1785207600,5.818900108337402
1785211200,5.816999912261963
1785218400,5.812900066375732
1785229200,5.808800220489502
1785232800,5.804999828338623
1785236400,5.809100151062012
1785240000,5.81689977645874
1785243600,5.828000068664551
1785247200,5.827000141143799
1785250800,5.825900077819824
1785254400,5.826700210571289
1785258000,5.828400135040283
1785261600,5.82919979095459
1785265200,5.831200122833252
1785268800,5.830100059509277
1785272400,5.834099769592285
1785276000,5.835400104522705
1785279600,5.834799766540527
1785286800,5.836699962615967
1785294000,5.8429999351501465
1785304800,5.841400146484375
1785308400,5.841100215911865
1785315600,5.835400104522705
1785319200,5.831299781799316
1785322800,5.828999996185303
1785326400,5.8231000900268555
1785330000,5.825399875640869
1785333600,5.848400115966797
1785337200,5.838500022888184
1785340800,5.836699962615967
1785344400,5.843699932098389
1785348000,5.835999965667725
1785351600,5.849800109863281
1785355200,5.865200042724609
1785358800,5.864799976348877
1785362400,5.867499828338623
1785376800,5.8607001304626465
1785380400,5.859000205993652
1785384000,5.8592000007629395
1785394800,5.8557000160217285
1785402000,5.843100070953369
1785405600,5.848400115966797
1785409200,5.848299980163574
1785412800,5.846799850463867
1785416400,5.837200164794922
1785420000,5.832200050354004
1785423600,5.838399887084961
1785427200,5.844799995422363
1785430800,5.8404998779296875
1785434400,5.845399856567383
1785438000,5.838399887084961
1785441600,5.830399990081787
1785445200,5.844600200653076
1785448800,5.844600200653076
1785459600,5.82480001449585
1785463200,5.825200080871582
1785466800,5.8225998878479
1785470400,5.822199821472168
1785488400,5.836699962615967
1785492000,5.832799911499023
1785495600,5.825500011444092
1785499200,5.828400135040283
1785502800,5.826399803161621
1785506400,5.839300155639648
1785510000,5.839600086212158
1785513600,5.847099781036377
1785517200,5.849299907684326
1785520800,5.8495001792907715
1785524400,5.845600128173828
1785528000,5.848999977111816
1785531600,5.853600025177002
1785711600,5.859600067138672
1785722400,5.851799964904785
1785736800,5.861800193786621
1785747600,5.847499847412109
1785751200,5.847400188446045
1785754800,5.851399898529053
1785758400,5.826200008392334
1785762000,5.840099811553955
1785765600,5.845300197601318
1785769200,5.842899799346924
1785772800,5.847499847412109
1785776400,5.854100227355957
1785780000,5.856299877166748
1785783600,5.853899955749512
1785787200,5.853700160980225
1785790800,5.8572001457214355
1785794400,5.856400012969971
1785798000,5.855299949645996
1785801600,5.854300022125244
1785805200,5.855800151824951
1785808800,5.855899810791016
1785812400,5.855999946594238
1785816000,5.855800151824951
1785823200,5.865300178527832
1785834000,5.855599880218506
1785837600,5.856299877166748
1785841200,5.859600067138672
1785844800,5.862500190734863
1785848400,5.881700038909912
1785852000,5.88100004196167
1785855600,5.889200210571289
1785859200,5.884099960327148
1785862800,5.898099899291992
1785866400,5.922699928283691
1785870000,5.917099952697754
1785873600,5.912700176239014
1785877200,5.925000190734863
1785880800,5.912300109863281
1785895200,5.913599967956543
1785898800,5.91480016708374
1785902400,5.916200160980225
1785909600,5.940899848937988
1785920400,5.930600166320801
1785924000,5.9293999671936035
1785927600,5.935800075531006
1785931200,5.910999774932861
1785934800,5.894999980926514
1785938400,5.91379976272583
1785942000,5.904300212860107
1785945600,5.91510009765625
1785949200,5.919600009918213
1785952800,5.9182000160217285
1785956400,5.921999931335449
1785960000,5.9145002365112305
1785963600,5.919600009918213
1785967200,5.917099952697754
1785974400,5.918300151824951
1785978000,5.917500019073486
1785981600,5.916999816894531
1785985200,5.913700103759766
1785996000,5.922500133514404
1786006800,5.911799907684326
1786010400,5.912600040435791
1786014000,5.91510009765625
1786017600,5.8933000564575195
1786021200,5.88040018081665
1786024800,5.8755998611450195
1786028400,5.881999969482422
1786032000,5.879499912261963
1786035600,5.877600193023682
1786039200,5.876299858093262
1786042800,5.881400108337402
1786046400,5.888000011444092
1786050000,5.877299785614014
1786053600,5.886600017547607
1786071600,5.886499881744385
1786082400,5.889200210571289
1786086000,5.889599800109863
1786093200,5.881700038909912
1786096800,5.881100177764893
1786100400,5.892000198364258
1786104000,5.881999969482422
1786107600,5.887400150299072
1786111200,5.880300045013428
1786114800,5.8805999755859375
1786118400,5.877200126647949
1786122000,5.873300075531006
1786125600,5.878699779510498
1786129200,5.876200199127197
1786132800,5.871699810028076
1786136400,5.8734002113342285
1786327200,5.873700141906738
1786330800,5.872099876403809
1786334400,5.872099876403809
1786341600,5.8769001960754395
1786345200,5.876399993896484
1786352400,5.878699779510498
1786356000,5.875999927520752
1786359600,5.872499942779541
1786363200,5.880300045013428
1786366800,5.884699821472168
1786370400,5.888700008392334
1786374000,5.889800071716309
1786377600,5.891200065612793
1786381200,5.904099941253662
1786384800,5.899899959564209
1786388400,5.898799896240234
1786392000,5.899400234222412
1786395600,5.9028000831604
1786399200,5.893799781799316
1786402800,5.893499851226807
1786417200,5.893700122833252
1786428000,5.89139986038208
1786431600,5.892899990081787
1786438800,5.8979997634887695
1786442400,5.89870023727417
1786446000,5.889800071716309
1786449600,5.8871002197265625
1786453200,5.902599811553955
1786456800,5.936600208282471
1786460400,5.956699848175049
1786464000,5.9527997970581055
1786467600,5.952600002288818
1786471200,5.966100215911865
1786474800,5.957499980926514
1786478400,5.958199977874756
1786482000,5.968800067901611
1786485600,5.952099800109863
1786489200,5.951900005340576
1786496400,5.949900150299072
1786500000,5.950099945068359
1786514400,5.951099872589111
1786518000,5.951300144195557
1786525200,5.969900131225586
1786528800,5.966700077056885
1786532400,5.970900058746338
1786536000,5.951300144195557
1786539600,5.968100070953369
1786543200,5.970799922943115
1786546800,5.957200050354004
1786550400,5.94789981842041
1786554000,5.949100017547607
1786557600,5.945899963378906
1786561200,5.967100143432617
1786564800,5.964300155639648
1786568400,5.980199813842773
1786586400,5.979499816894531
1786590000,5.980100154876709
1786600800,5.941800117492676
1786611600,5.951399803161621
1786618800,5.954100131988525
1786622400,5.985499858856201
1786626000,5.982600212097168
1786629600,5.9878997802734375
1786633200,5.981800079345703
1786636800,5.979599952697754
1786640400,5.985599994659424
1786644000,5.981200218200684
1786647600,5.980400085449219
1786651200,5.978799819946289
1786654800,5.982100009918213
1786658400,5.971799850463867
1786669200,5.974699974060059
1786672800,5.973199844360352
1786687200,5.98360013961792
1786698000,5.995800018310547
1786701600,5.996200084686279
1786705200,5.992199897766113
1786708800,6.002500057220459
1786712400,6.044300079345703
1786716000,6.046199798583984
1786719600,6.068699836730957
1786723200,6.0619001388549805
1786726800,6.059700012207031
1786730400,6.042099952697754
1786734000,6.0395002365112305
1786737600,6.039899826049805
1786741200,6.0295000076293945
1786744800,6.045899868011475
1786924800,6.036300182342529
1786928400,6.0366997718811035
1786932000,6.035999774932861
1786935600,6.035900115966797
1786946400,6.052700042724609
1786950000,6.053599834442139
1786957200,6.061299800872803
1786960800,6.059299945831299
1786964400,6.058700084686279
1786968000,6.042600154876709
1786971600,6.037199974060059
1786975200,6.010000228881836
1786978800,6.007599830627441
1786982400,6.013400077819824
1786986000,6.021599769592285
1786989600,6.016900062561035
1786993200,6.018499851226807
1786996800,6.021999835968018
1787000400,6.020699977874756
1787004000,6.025199890136719
1787007600,6.026899814605713
1787011200,6.023200035095215
1787014800,6.025199890136719
1787018400,6.0258002281188965
1787022000,6.024899959564209
1787032800,6.007400035858154
1787043600,6.021500110626221
1787047200,6.019599914550781
1787050800,6.018700122833252
1787054400,6.0243000984191895
1787058000,6.016300201416016
1787061600,6.022200107574463
1787065200,6.0254998207092285
1787068800,6.030399799346924
1787072400,6.034800052642822
1787076000,6.039599895477295
1787079600,6.043099880218506
1787083200,6.0395002365112305
1787086800,6.041600227355957
1787090400,6.034299850463867
1787097600,6.033599853515625
1787101200,6.032599925994873
1787104800,6.035399913787842
1787108400,6.036099910736084
1787119200,6.03980016708374
1787130000,6.058300018310547
1787133600,6.060699939727783
1787137200,6.04449987411499
1787140800,6.021599769592285
1787144400,6.023600101470947
1787148000,6.033699989318848
1787151600,6.0269999504089355
1787155200,6.029200077056885
1787158800,6.031199932098389
1787162400,6.032100200653076
1787166000,6.044600009918213
1787169600,6.042799949645996
1787173200,6.0346999168396
1787176800,6.046000003814697
1787184000,6.045000076293945
1787187600,6.046000003814697
1787191200,6.045400142669678
1787194800,6.047500133514404
1787205600,6.051799774169922
1787216400,6.05049991607666
1787220000,6.05019998550415
1787223600,6.051499843597412
1787227200,6.055500030517578
1787230800,6.060999870300293
1787234400,6.060299873352051
1787238000,6.0524001121521
1787241600,6.05679988861084
1787245200,6.059800148010254
1787248800,6.0619001388549805
1787252400,6.063799858093262
1787256000,6.068299770355225
1787259600,6.064599990844727
1787263200,6.066400051116943
1787292000,6.076200008392334
1787295600,6.074699878692627
1787302800,6.076300144195557
1787306400,6.079500198364258
1787310000,6.073200225830078
1787313600,6.047299861907959
1787317200,6.038000106811523
1787320800,6.026800155639648
1787324400,6.0121002197265625
1787328000,6.0117998123168945
1787331600,6.009399890899658
1787335200,5.997799873352051
1787338800,6.003600120544434
1787342400,6.001500129699707
1787346000,6.0005998611450195
1787349600,6
1787526000,5.997900009155273
1787536800,6.001100063323975
1787544000,6.000199794769287
1787551200,5.9980998039245605
1787554800,5.996600151062012
1787562000,5.990699768066406
1787565600,5.992499828338623
1787569200,5.997099876403809
1787572800,6.005799770355225
1787576400,6.003600120544434
1787580000,6.005499839782715
1787583600,6.002200126647949
1787587200,5.999000072479248
1787590800,6.00439977645874
1787594400,6.008999824523926
1787598000,6.007500171661377
1787601600,6.008699893951416
1787605200,6.0117998123168945
1787608800,6.014900207519531
1787612400,6.014900207519531
1787619600,6.014200210571289
1787623200,6.01200008392334
1787626800,6.012599945068359
1787637600,5.984399795532227
1787648400,6.013400077819824
1787652000,6.010900020599365
1787655600,6.004899978637695
1787659200,6.01039981842041
1787662800,6.009300231933594
1787666400,6.006700038909912
1787670000,6.006100177764893
1787673600,6.010700225830078
1787677200,6.01170015335083
1787680800,6.007199764251709
1787684400,6.000699996948242
1787688000,6.0081000328063965
1787691600,6.010700225830078
1787695200,6.009500026702881
1787706000,6.007999897003174
1787709600,6.005099773406982
1787713200,6.004000186920166
1787724000,5.9816999435424805
1787734800,6.004799842834473
1787738400,6.00439977645874
1787742000,6.006999969482422
1787745600,6.017899990081787
1787749200,6.009099960327148
1787752800,6.008200168609619
1787756400,6.01230001449585
1787760000,6.0106000900268555
1787763600,6.005099773406982
1787767200,6.003799915313721
1787770800,6.0046000480651855
1787774400,6.000999927520752
1787778000,6.004899978637695
1787781600,5.999899864196777
1787792400,6.0019001960754395
1787796000,6.000500202178955
1787799600,6.0005998611450195
1787810400,5.981400012969971
1787821200,5.997099876403809
1787824800,6.001399993896484
1787828400,5.992700099945068
1787832000,6.001800060272217
1787835600,6.007400035858154
1787839200,6.017899990081787
1787842800,6.02239990234375
1787846400,6.023799896240234
1787850000,6.014100074768066
1787853600,6.010700225830078
1787857200,6.015900135040283
1787860800,6.012899875640869
1787864400,6.01609992980957
1787868000,6.012899875640869
1787871600,6.015200138092041
1787875200,6.013500213623047
1787878800,6.013500213623047
1787882400,6.013199806213379
1787886000,6.012800216674805
1787896800,6.012899875640869
1787900400,6.01140022277832
1787907600,6.010200023651123
1787911200,6.010300159454346
1787914800,6.008699893951416
1787918400,6.017199993133545
1787922000,6.034900188446045
1787925600,6.040800094604492
1787929200,6.044300079345703
1787932800,6.039100170135498
1787936400,6.036499977111816
1787940000,6.026899814605713
1787943600,6.018499851226807
1787947200,6.014100074768066
1787950800,6.029900074005127
1787954400,6.00540018081665
1788134400,6.033999919891357
1788138000,6.032100200653076
1788141600,6.010000228881836
1788145200,6.010000228881836
1788156000,6.00540018081665
1788166800,6.037300109863281
1788170400,6.039100170135498
1788174000,6.0370001792907715
1788177600,6.000199794769287
1788181200,6.002799987792969
1788184800,6.0183000564575195
1788188400,6.015900135040283
1788192000,6.017300128936768
1788195600,6.019899845123291
1788199200,6.021200180053711
1788202800,6.017300128936768
1788206400,6.021999835968018
1788210000,6.023099899291992
1788213600,6.019700050354004
1788217200,6.019499778747559
1788224400,6.016300201416016
1788228000,6.0157999992370605
1788231600,6.014200210571289
1788242400,6.027200222015381
1788246000,6.013400077819824
1788249600,6.011499881744385
1788253200,6.012499809265137
1788256800,6.011300086975098
1788260400,6.008900165557861
1788264000,6.013199806213379
1788267600,5.97790002822876
1788271200,5.964000225067139
1788274800,5.963399887084961
1788278400,5.964799880981445
1788282000,5.95550012588501
1788285600,5.964900016784668
1788289200,5.968999862670898
1788292800,5.973499774932861
1788296400,5.968500137329102
1788300000,5.973100185394287
1788303600,5.972899913787842
1788307200,5.968299865722656
1788310800,5.967299938201904
1788314400,5.966899871826172
1788318000,5.967299938201904
1788328800,5.9644999504089355
1788332400,5.964600086212158
1788339600,5.959799766540527
1788343200,5.957799911499023
1788346800,5.969699859619141
1788350400,5.971099853515625
1788354000,5.954100131988525
1788357600,5.923999786376953
1788361200,5.915900230407715
1788364800,5.911799907684326
1788368400,5.916200160980225
1788372000,5.917900085449219
1788375600,5.91349983215332
1788379200,5.897900104522705
1788382800,5.920000076293945
1788386400,5.900400161743164
1788397200,5.899700164794922
1788400800,5.90310001373291
1788404400,5.904799938201904
1788411600,5.9253997802734375
1788415200,5.911300182342529
1788418800,5.9096999168396
1788422400,5.909599781036377
1788426000,5.9039998054504395
1788433200,5.932600021362305
1788436800,5.910900115966797
1788440400,5.9268999099731445
1788444000,5.92140007019043
1788447600,5.932600021362305
1788451200,5.944200038909912
1788454800,5.934299945831299
1788458400,5.934800148010254
1788462000,5.931700229644775
1788465600,5.936999797821045
1788469200,5.932600021362305
1788472800,5.926700115203857
1788476400,5.928999900817871
1788480000,5.930300235748291
1788483600,5.930200099945068
1788487200,5.929299831390381
1788490800,5.9293999671936035
1788501600,5.93149995803833
1788505200,5.93179988861084
1788512400,5.930200099945068
1788516000,5.928400039672852
1788519600,5.9359002113342285
1788523200,5.944399833679199
1788526800,5.957600116729736
1788530400,5.946700096130371
1788534000,5.949399948120117
1788537600,5.947400093078613
1788541200,5.950200080871582
1788544800,5.952499866485596
1788548400,5.956600189208984
1788552000,5.954800128936768
1788555600,5.9496002197265625
1788735600,5.952000141143799
1788739200,5.957799911499023
1788742800,5.956500053405762
1788746400,5.948800086975098
1788760800,5.953000068664551
1788764400,5.952700138092041
1788771600,5.961299896240234
1788775200,5.9604997634887695
1788778800,5.961100101470947
1788782400,5.958399772644043
1788786000,5.957300186157227
1788789600,5.960899829864502
1788793200,5.95959997177124
1788796800,5.9633002281188965
1788800400,5.958000183105469
1788804000,5.9567999839782715
1788807600,5.955999851226807
1788814800,5.956999778747559
1788818400,5.9644999504089355
1788825600,5.958899974822998
1788829200,5.961299896240234
1788832800,5.962399959564209
1788847200,5.964700222015381
1788858000,5.957099914550781
1788861600,5.956999778747559
1788865200,5.955999851226807
1788868800,5.92519998550415
1788872400,5.904699802398682
1788876000,5.906599998474121
1788879600,5.910799980163574
1788883200,5.918499946594238
1788886800,5.916500091552734
1788890400,5.910799980163574
1788894000,5.914100170135498
1788897600,5.9096999168396
1788901200,5.916399955749512
1788904800,5.912499904632568
1788912000,5.918399810791016
1788915600,5.917699813842773
1788919200,5.918700218200684
1788922800,5.918099880218506
1788926400,5.91949987411499
1788933600,5.9217000007629395
1788940800,5.920300006866455
1788944400,5.916399955749512
1788948000,5.918700218200684
1788951600,5.92579984664917
1788955200,5.939700126647949
1788958800,5.93720006942749
1788962400,5.940499782562256
1788966000,5.9303998947143555
1788969600,5.936500072479248
1788973200,5.938000202178955
1788976800,5.94290018081665
1788980400,5.9421000480651855
1788984000,5.941699981689453
1788987600,5.945700168609619
1788991200,5.947000026702881
1789002000,5.936500072479248
1789005600,5.93779993057251
1789009200,5.9375
1789020000,5.946599960327148
1789027200,5.942999839782715
1789030800,5.946400165557861
1789034400,5.941400051116943
1789038000,5.934899806976318
1789041600,5.954999923706055
1789045200,5.970300197601318
1789048800,5.913599967956543
1789052400,5.929100036621094
1789056000,5.921000003814697
1789059600,5.928899765014648
1789063200,5.9207000732421875
1789066800,5.921199798583984
1789070400,5.925099849700928
1789074000,5.920599937438965
1789077600,5.9243998527526855
1789084800,5.922599792480469
1789088400,5.922599792480469
1789092000,5.9197998046875
1789106400,5.926599979400635
1789110000,5.92519998550415
1789113600,5.912899971008301
1789117200,5.912899971008301
1789120800,5.911900043487549
1789124400,5.910900115966797
1789128000,5.901400089263916
1789131600,5.906099796295166
1789135200,5.920899868011475
1789138800,5.918099880218506
1789142400,5.919600009918213
1789146000,5.944799900054932
1789149600,5.9475998878479
1789153200,5.9415998458862305
1789156800,5.938499927520752
1789160400,5.942299842834473
1789354800,5.930200099945068
1789358400,5.929299831390381
1789365600,5.922100067138672
1789376400,5.922800064086914
1789380000,5.921599864959717
1789383600,5.92549991607666
1789387200,5.962800025939941
1789390800,5.966599941253662
1789394400,5.961299896240234
1789398000,5.948599815368652
1789401600,5.946300029754639
1789405200,5.950399875640869
1789408800,5.950699806213379
1789412400,5.94350004196167
1789416000,5.947500228881836
1789419600,5.950300216674805
1789423200,5.940400123596191
1789434000,5.934299945831299
1789452000,5.933300018310547
1789455600,5.934000015258789
1789462800,5.942500114440918
1789466400,5.943600177764893
1789470000,5.943900108337402
1789473600,5.927000045776367
1789477200,5.934800148010254
1789480800,5.95389986038208
1789484400,5.943600177764893
1789488000,5.943299770355225
1789491600,5.945099830627441
1789495200,5.945799827575684
1789498800,5.9456000328063965
1789502400,5.944699764251709
1789506000,5.946000099182129
1789509600,5.945300102233887
1789513200,5.945899963378906
1789516800,5.945799827575684
1789520400,5.941800117492676
1789524000,5.944200038909912
1789531200,5.9492998123168945
1789534800,5.94920015335083
1789538400,5.9481000900268555
1789542000,5.949399948120117
1789545600,5.944799900054932
1789549200,5.946700096130371
1789552800,5.945899963378906
1789556400,5.944399833679199
1789560000,5.946400165557861
1789563600,5.947299957275391
1789567200,5.941100120544434
1789570800,5.932300090789795
1789574400,5.932799816131592
1789578000,5.934999942779541
1789581600,5.916999816894531
1789585200,5.9085001945495605
1789588800,5.905799865722656
1789592400,5.902400016784668
1789596000,5.907299995422363
1789614000,5.904099941253662
1789624800,5.910099983215332
1789628400,5.90369987487793
1789632000,5.90369987487793
1789635600,5.918499946594238
1789639200,5.92110013961792
1789642800,5.9095001220703125
1789646400,5.899099826812744
1789650000,5.934500217437744
1789653600,5.921899795532227
1789657200,5.914000034332275
1789660800,5.91480016708374
1789664400,5.90880012512207
1789668000,5.903800010681152
1789671600,5.8983001708984375
1789675200,5.884200096130371
1789678800,5.88129997253418
1789682400,5.88070011138916
1789700400,5.885900020599365
1789704000,5.886499881744385
1789711200,5.897200107574463
1789718400,5.888199806213379
1789722000,5.910200119018555
1789725600,5.882400035858154
1789729200,5.876800060272217
1789732800,5.896900177001953
1789736400,5.908100128173828
1789740000,5.91510009765625
1789743600,5.917399883270264
1789747200,5.906700134277344
1789750800,5.908899784088135
1789754400,5.907700061798096
1789758000,5.908899784088135
1789761600,5.903800010681152
1789765200,5.905700206756592
1789948800,5.905399799346924
1789952400,5.906899929046631
1789956000,5.902900218963623
1789959600,5.9028000831604
1789970400,5.890600204467773
1789981200,5.9085001945495605
1789984800,5.90910005569458
1789988400,5.907299995422363
1789992000,5.86870002746582
1789995600,5.8643999099731445
1789999200,5.858699798583984
1790002800,5.85890007019043
1790006400,5.8607001304626465
1790010000,5.857500076293945
1790013600,5.853600025177002
1790017200,5.85230016708374
1790020800,5.855800151824951
1790024400,5.861400127410889
1790028000,5.859000205993652
1790031600,5.85830020904541
1790038800,5.858399868011475
1790042400,5.861299991607666
1790046000,5.861299991607666
1790056800,5.861199855804443
1790064000,5.854300022125244
1790067600,5.856900215148926
1790071200,5.855500221252441
1790074800,5.855199813842773
1790078400,5.874800205230713
1790082000,5.86269998550415
1790085600,5.8495001792907715
1790089200,5.842899799346924
1790092800,5.8491997718811035
1790096400,5.842199802398682
1790100000,5.8414998054504395
1790103600,5.84119987487793
1790107200,5.8368000984191895
1790110800,5.839700222015381
1790114400,5.845399856567383
1790121600,5.845099925994873
1790125200,5.833700180053711
1790128800,5.831600189208984
1790132400,5.8308000564575195
1790143200,5.831600189208984
1790146800,5.831900119781494
1790154000,5.825399875640869
1790157600,5.825900077819824
1790161200,5.826399803161621
1790164800,5.855800151824951
1790168400,5.857500076293945
1790172000,5.8649001121521
1790175600,5.864799976348877
1790179200,5.879799842834473
1790182800,5.877799987792969
1790186400,5.881400108337402
1790190000,5.877900123596191
1790192647,5.878799915313721
